timestamp, a_x, a_y, a_z, alpha_x, alpha_y, alpha_z
133178.86778262502, -0.907958984375, -0.0583038330078125, -0.42401123046875, -0.18583405017852783, -0.6843360066413879, -0.07845086604356766
133178.87784562501, -0.9084625244140625, -0.056243896484375, -0.42626953125, -0.1285981833934784, -0.6980525851249695, -0.07333014160394669
133178.887908625, -0.9037017822265625, -0.057586669921875, -0.417633056640625, -0.08559293299913406, -0.7014955282211304, -0.06029316782951355
133178.897971625, -0.896026611328125, -0.056640625, -0.406951904296875, -0.05302753299474716, -0.6605901718139648, -0.0374339260160923
133178.908034625, -0.8985137939453125, -0.0546112060546875, -0.3941497802734375, -0.03820464387536049, -0.6132756471633911, -0.022044049575924873
133178.91809762502, -0.910125732421875, -0.053009033203125, -0.377166748046875, -0.023417973890900612, -0.5731207728385925, -0.006137254647910595
133178.92816062502, -0.910125732421875, -0.055084228515625, -0.35955810546875, -0.0068022459745407104, -0.5715676546096802, 0.016814133152365685
133178.938223625, -0.9069061279296875, -0.06317138671875, -0.3476715087890625, 0.02082831598818302, -0.6056315898895264, 0.02749340981245041
133178.948286625, -0.9192962646484375, -0.0568695068359375, -0.3506927490234375, 0.032995499670505524, -0.6461374759674072, 0.03814179450273514
133178.958349625, -0.9254150390625, -0.0504302978515625, -0.346466064453125, 0.023919980973005295, -0.6806560158729553, 0.03736601397395134
133178.96841262502, -0.9176025390625, -0.0603179931640625, -0.336578369140625, 0.012627644464373589, -0.7118174433708191, 0.02652987837791443
133178.97847562502, -0.9055023193359375, -0.0514678955078125, -0.3397369384765625, -0.0007771103992126882, -0.6929494738578796, 0.02052391692996025
133178.988538625, -0.9086761474609375, -0.04632568359375, -0.345611572265625, -0.03003326617181301, -0.638979971408844, 0.01792866736650467
133178.998601625, -0.9026947021484375, -0.050811767578125, -0.3318634033203125, -0.06740913540124893, -0.5743240118026733, 0.029620209708809853
133179.008664625, -0.8959197998046875, -0.0518798828125, -0.3258514404296875, -0.09183724224567413, -0.5176652669906616, 0.027280623093247414
133179.01872762502, -0.907318115234375, -0.050384521484375, -0.3318634033203125, -0.10517328977584839, -0.4595574736595154, 0.02430347539484501
133179.02879062502, -0.921173095703125, -0.0516510009765625, -0.3258819580078125, -0.11107831448316574, -0.4310515224933624, 0.02576128952205181
133179.038853625, -0.919677734375, -0.0528717041015625, -0.2996673583984375, -0.13014096021652222, -0.40616747736930847, 0.029769612476229668
133179.048916625, -0.920440673828125, -0.0583343505859375, -0.283660888671875, -0.1379338949918747, -0.37622395157814026, 0.023155121132731438
133179.058980625, -0.9287567138671875, -0.0535125732421875, -0.2708892822265625, -0.1525125801563263, -0.3937230706214905, 0.02485474944114685
133179.069043625, -0.9382781982421875, -0.05609130859375, -0.248321533203125, -0.18044354021549225, -0.42875054478645325, 0.018424279987812042
133179.079106625, -0.93560791015625, -0.0530242919921875, -0.2444305419921875, -0.19474658370018005, -0.4379960000514984, 0.026608973741531372
133179.08916962502, -0.92645263671875, -0.0482177734375, -0.26513671875, -0.1927098035812378, -0.3977641463279724, 0.026936275884509087
133179.099232625, -0.9246063232421875, -0.0449676513671875, -0.28192138671875, -0.1832747459411621, -0.34828847646713257, 0.0367143377661705
133179.109295625, -0.924591064453125, -0.0462188720703125, -0.277191162109375, -0.18612726032733917, -0.31656941771507263, 0.03759691119194031
133179.119358625, -0.93072509765625, -0.049774169921875, -0.2606658935546875, -0.1919175088405609, -0.3006269335746765, 0.03997378051280975
133179.129421625, -0.9319610595703125, -0.0452423095703125, -0.2478790283203125, -0.1973695307970047, -0.28141888976097107, 0.0487947016954422
133179.13948462502, -0.9353179931640625, -0.0448455810546875, -0.248748779296875, -0.20639339089393616, -0.26184386014938354, 0.056059274822473526
133179.149547625, -0.9441986083984375, -0.0421142578125, -0.2436065673828125, -0.2225358635187149, -0.27117079496383667, 0.05353832617402077
133179.159610625, -0.9475555419921875, -0.041656494140625, -0.2316436767578125, -0.23591212928295135, -0.3126372694969177, 0.04397011920809746
133179.169673625, -0.95306396484375, -0.0400238037109375, -0.235198974609375, -0.23863334953784943, -0.3463347852230072, 0.033137980848550797
133179.179736625, -0.9477996826171875, -0.0355072021484375, -0.2502288818359375, -0.2305607795715332, -0.3579517602920532, 0.03579021990299225
133179.18979962502, -0.932098388671875, -0.036346435546875, -0.25445556640625, -0.2354775071144104, -0.3350672125816345, 0.029560821130871773
133179.199862625, -0.936553955078125, -0.035552978515625, -0.2592315673828125, -0.23194748163223267, -0.299618661403656, 0.03326021879911423
133179.209925625, -0.9451141357421875, -0.0305328369140625, -0.2581939697265625, -0.21422894299030304, -0.29305052757263184, 0.036069586873054504
133179.219988625, -0.9453582763671875, -0.0345001220703125, -0.252532958984375, -0.17512893676757812, -0.3119773268699646, 0.032467395067214966
133179.230051625, -0.9448089599609375, -0.030242919921875, -0.253997802734375, -0.13371598720550537, -0.3100596070289612, 0.030762972310185432
133179.240115625, -0.945465087890625, -0.02587890625, -0.2510833740234375, -0.11156993359327316, -0.3004133701324463, 0.030074279755353928
133179.25017862502, -0.946197509765625, -0.0315399169921875, -0.2363128662109375, -0.09206041693687439, -0.3269203305244446, 0.029193837195634842
133179.26024162502, -0.9521942138671875, -0.0296173095703125, -0.2260284423828125, -0.06704987585544586, -0.3663822412490845, 0.025611087679862976
133179.270304625, -0.9577178955078125, -0.0333251953125, -0.2157135009765625, -0.04066780209541321, -0.41493648290634155, 0.025293372571468353
133179.280367625, -0.9583740234375, -0.0362396240234375, -0.2015380859375, -0.013281450606882572, -0.45947250723838806, 0.022789735347032547
133179.290430625, -0.960845947265625, -0.0355377197265625, -0.19818115234375, 0.021465077996253967, -0.49410825967788696, 0.01606285572052002
133179.30049362502, -0.968475341796875, -0.0357666015625, -0.201812744140625, 0.06298056244850159, -0.49390825629234314, 0.019870910793542862
133179.31055662502, -0.970062255859375, -0.0304412841796875, -0.20849609375, 0.10538607835769653, -0.4557155966758728, 0.03383732587099075
133179.320619625, -0.97344970703125, -0.032470703125, -0.2020111083984375, 0.15202201902866364, -0.41228610277175903, 0.051967326551675797
133179.330682625, -0.9720001220703125, -0.0355072021484375, -0.1875, 0.19634102284908295, -0.35834750533103943, 0.07994010299444199
133179.340745625, -0.9694366455078125, -0.037445068359375, -0.1807861328125, 0.23560559749603271, -0.31343382596969604, 0.10887055844068527
133179.35080862502, -0.97076416015625, -0.046051025390625, -0.1649322509765625, 0.27690988779067993, -0.304098904132843, 0.1244758814573288
133179.36087162502, -0.98095703125, -0.04949951171875, -0.1400299072265625, 0.31430014967918396, -0.33637508749961853, 0.13307815790176392
133179.370934625, -0.9929046630859375, -0.0489349365234375, -0.122711181640625, 0.3353622853755951, -0.37394535541534424, 0.13726145029067993
133179.380997625, -0.99261474609375, -0.0467376708984375, -0.1123046875, 0.3311946988105774, -0.3883184492588043, 0.1455335021018982
133179.391060625, -0.9881134033203125, -0.0457305908203125, -0.11016845703125, 0.31018075346946716, -0.38375377655029297, 0.16138623654842377
133179.401124625, -0.9866180419921875, -0.0468902587890625, -0.1050262451171875, 0.28521284461021423, -0.3895440399646759, 0.1790989190340042
133179.411187625, -0.985076904296875, -0.04541015625, -0.0934600830078125, 0.27463528513908386, -0.3940295875072479, 0.18841572105884552
133179.42125062502, -0.9930877685546875, -0.05377197265625, -0.0839080810546875, 0.29117244482040405, -0.425295889377594, 0.1864100843667984
133179.431313625, -0.9810333251953125, -0.0455322265625, -0.0768585205078125, 0.33308207988739014, -0.48284947872161865, 0.1951545774936676
133179.441376625, -0.9622802734375, -0.04193115234375, -0.0818023681640625, 0.3841804265975952, -0.5217510461807251, 0.1962731033563614
133179.451439625, -0.963165283203125, -0.042999267578125, -0.073333740234375, 0.40684977173805237, -0.5704097151756287, 0.1906927227973938
133179.461502625, -0.9750518798828125, -0.03607177734375, -0.03851318359375, 0.38832324743270874, -0.6037980318069458, 0.18474428355693817
133179.47156562502, -0.98236083984375, -0.0271453857421875, -0.007659912109375, 0.3271999657154083, -0.5992173552513123, 0.1858481615781784
133179.481628625, -0.9820098876953125, -0.01165771484375, -0.004150390625, 0.24685026705265045, -0.5058363080024719, 0.19438305497169495
133179.491691625, -0.9765777587890625, 0.0003204345703125, -0.022613525390625, 0.1479167640209198, -0.3473888635635376, 0.20643094182014465
133179.501754625, -0.9711456298828125, 0.002044677734375, -0.030059814453125, 0.05367441475391388, -0.1996944695711136, 0.21550992131233215
133179.511817625, -0.9748382568359375, -0.002685546875, -0.0330352783203125, -0.018855979666113853, -0.0792442187666893, 0.20920541882514954
133179.52188062502, -0.97235107421875, -0.0027923583984375, -0.04437255859375, -0.042989011853933334, -0.009876333177089691, 0.21824312210083008
133179.531943625, -0.94732666015625, -0.0007476806640625, -0.0688629150390625, -0.03208709508180618, 0.011374627240002155, 0.24638260900974274
133179.542006625, -0.9527587890625, -0.0081024169921875, -0.0713043212890625, -0.007476292084902525, -0.04348862171173096, 0.2538716793060303
133179.552070625, -0.983001708984375, -0.0272674560546875, -0.0473175048828125, 0.025706961750984192, -0.20264631509780884, 0.24880129098892212
133179.562133625, -1.0130615234375, -0.03936767578125, -0.0132293701171875, -0.019280754029750824, -0.4938712418079376, 0.19118113815784454
133179.572196625, -1.023345947265625, -0.0508270263671875, 0.0167236328125, -0.10873926430940628, -0.6853703856468201, 0.14857429265975952
133179.58225962502, -1.0075225830078125, -0.0571136474609375, -0.012481689453125, -0.21169520914554596, -0.7729689478874207, 0.11880122125148773
133179.59232262502, -1.0145111083984375, -0.040435791015625, -0.0098114013671875, -0.28368765115737915, -0.815699577331543, 0.08312737941741943
133179.602385625, -1.0316925048828125, -0.0345001220703125, -0.0263519287109375, -0.2949890196323395, -0.8036046028137207, 0.057559166103601456
133179.612448625, -1.0261077880859375, -0.02386474609375, -0.0691680908203125, -0.25253719091415405, -0.752098798751831, 0.031037278473377228
133179.622511625, -1.019500732421875, -0.016265869140625, -0.1078033447265625, -0.1757662296295166, -0.6381141543388367, 0.012560798786580563
133179.63257462502, -1.0277557373046875, -0.01287841796875, -0.1377410888671875, -0.08222483098506927, -0.4781356751918793, 0.0024530377704650164
133179.64263762502, -1.02685546875, -0.0048065185546875, -0.1508941650390625, 0.010290986858308315, -0.2988381087779999, 0.020118584856390953
133179.652700625, -1.0213775634765625, 0.00775146484375, -0.147857666015625, 0.07149122655391693, -0.09870260953903198, 0.04862239584326744
133179.662763625, -1.0174560546875, 0.014892578125, -0.137542724609375, 0.08923453837633133, 0.09661149233579636, 0.06838225573301315
133179.672826625, -1.016265869140625, 0.014495849609375, -0.10595703125, 0.0716203898191452, 0.18317541480064392, 0.05403820052742958
133179.682889625, -1.0330810546875, 0.009796142578125, -0.0459442138671875, 0.03676653653383255, 0.09948477894067764, 0.022788669914007187
133179.69295262502, -1.0266571044921875, 0.01593017578125, 0.0039215087890625, -0.014910772442817688, 0.032705217599868774, 0.012289688922464848
133179.70301662502, -0.9975433349609375, 0.026580810546875, -0.024993896484375, -0.06346685439348221, 0.024152208119630814, -0.0006447513005696237
133179.713079625, -0.996490478515625, -0.000244140625, -0.0408477783203125, -0.08069804310798645, 0.0005568669876083732, -0.017111342400312424
133179.723142625, -0.99102783203125, 0.0054473876953125, -0.056396484375, -0.053349774330854416, -0.0188975241035223, -0.03337979316711426
133179.733205625, -0.9879608154296875, 0.0114288330078125, -0.0897064208984375, -0.013438310474157333, 0.03605334088206291, -0.04909457638859749
133179.743268625, -0.992218017578125, 0.0006256103515625, -0.11114501953125, 0.028360800817608833, 0.13061313331127167, -0.055090680718421936
133179.75333162502, -0.99249267578125, -0.00048828125, -0.11590576171875, 0.07743753492832184, 0.22842411696910858, -0.04200657084584236
133179.763394625, -0.9863739013671875, 0.0050506591796875, -0.104156494140625, 0.12322739511728287, 0.27950382232666016, -0.01492542028427124
133179.773457625, -0.995574951171875, 0.0028228759765625, -0.0804443359375, 0.14304611086845398, 0.28392598032951355, 0.015858592465519905
133179.78352104168, -0.9879913330078125, 0.025726318359375, -0.0528106689453125, 0.12788259983062744, 0.2296486347913742, 0.03211852163076401
133179.79358404168, -0.992828369140625, -0.003265380859375, -0.0283050537109375, 0.07154315710067749, 0.15579944849014282, -0.014290256425738335
133179.80364704167, -1.0072021484375, -0.023651123046875, -0.025177001953125, 2.0506340661086142e-05, 0.07545028626918793, -0.025684325024485588
133179.81371004166, -0.9947052001953125, -0.000335693359375, -0.0330963134765625, -0.05194335803389549, 0.00484189298003912, -0.023238476365804672
133179.8237730417, -0.9973297119140625, -0.02081298828125, -0.04638671875, -0.05991766229271889, 0.004659200087189674, -0.031203193590044975
133179.83383704166, -0.998992919921875, -0.040313720703125, -0.068756103515625, 0.02431732416152954, 0.1411866843700409, -0.00691915862262249
133179.84390004168, -0.9813232421875, -0.0362701416015625, -0.1074371337890625, 0.14582963287830353, 0.33406105637550354, 0.04087872430682182
133179.85396304168, -0.978424072265625, 0.000244140625, -0.0326995849609375, 0.06440029293298721, 0.27293193340301514, 0.08226530998945236
133179.86402604167, -0.9933929443359375, -0.010162353515625, 0.028289794921875, -0.02437831088900566, 0.23638883233070374, 0.0738569125533104
133179.87408904167, -0.982513427734375, -0.0242462158203125, -0.00439453125, -0.05192897841334343, 0.16452449560165405, 0.06186043843626976
133179.88415204166, -0.9641571044921875, -0.000579833984375, -0.004638671875, -0.039197735488414764, 0.13896986842155457, 0.029384786263108253
133179.89421504168, -0.9564666748046875, 0.0061798095703125, -0.0205841064453125, -0.05078168958425522, 0.11324373632669449, 0.0001525991247035563
133179.90427804168, -0.9496307373046875, 0.0016937255859375, 0.00970458984375, -0.11533617973327637, 0.030289728194475174, -0.03374890983104706
133179.91434104167, -0.9550323486328125, -0.005828857421875, 0.0209197998046875, -0.18890734016895294, 0.008703476749360561, -0.03443067893385887
133179.92440404167, -0.9576568603515625, 0.0005950927734375, -0.0100250244140625, -0.2509597837924957, 0.031086280941963196, -0.019340408965945244
133179.93446704166, -0.96630859375, 0.002227783203125, -0.0228729248046875, -0.27201154828071594, 0.06476008892059326, -0.01618962176144123
133179.94453004168, -0.9678192138671875, -0.009674072265625, -0.0279083251953125, -0.24836720526218414, 0.10692937672138214, -0.011831625364720821
133179.95459304168, -0.9619598388671875, -0.0175018310546875, -0.0141754150390625, -0.235734760761261, 0.1348680704832077, -0.004375040996819735
133179.96465704168, -0.9535064697265625, -0.02044677734375, 0.0064849853515625, -0.2378288060426712, 0.14569754898548126, 0.009493104182183743
133179.97472004168, -0.9527130126953125, -0.0193023681640625, 0.0202484130859375, -0.23499760031700134, 0.1347961574792862, 0.013047092594206333
133179.98478304167, -0.9596099853515625, -0.0180816650390625, 0.0151824951171875, -0.2061140239238739, 0.13250717520713806, 0.01468493603169918
133179.99484604166, -0.9570770263671875, -0.0149078369140625, 0.009552001953125, -0.1674550473690033, 0.13284380733966827, 0.020490894094109535
133180.0049090417, -0.9530792236328125, -0.0151519775390625, 0.0127105712890625, -0.1384793221950531, 0.14648903906345367, 0.02533465065062046
133180.01497204168, -0.9516754150390625, -0.0105438232421875, 0.0031280517578125, -0.11079388856887817, 0.18035805225372314, 0.02852591685950756
133180.02503504168, -0.9494476318359375, 0.0012969970703125, -0.0058441162109375, -0.07600528746843338, 0.21547210216522217, 0.02636556141078472
133180.03509804167, -0.954742431640625, -0.001129150390625, 0.0008697509765625, -0.05086477845907211, 0.22099868953227997, 0.016332900151610374
133180.04516104166, -0.9607391357421875, -0.01031494140625, 0.01556396484375, -0.03425304591655731, 0.19069138169288635, 0.011908324435353279
133180.0552240417, -0.963714599609375, -0.009765625, 0.020843505859375, -0.0071178306825459, 0.14421549439430237, -0.0022833943367004395
133180.06528704168, -0.9655609130859375, -0.011627197265625, 0.0164337158203125, 0.0083687175065279, 0.1358529031276703, -0.011452924460172653
133180.07535004168, -0.9653472900390625, -0.007354736328125, 0.0122833251953125, 0.01642877422273159, 0.141534224152565, -0.020722854882478714
133180.08541404168, -0.96746826171875, -7.62939453125e-05, 0.022979736328125, 0.015006912872195244, 0.12815050780773163, -0.025001756846904755
133180.09547704167, -0.97021484375, 0.0026702880859375, 0.0326385498046875, -0.008326639421284199, 0.13351865112781525, -0.02989957481622696
133180.10554004167, -0.9625701904296875, 0.0111236572265625, 0.0206451416015625, -0.043779972940683365, 0.1704399138689041, -0.03188017010688782
133180.11560304166, -0.9672698974609375, 0.0138092041015625, 0.003509521484375, -0.062488678842782974, 0.16178223490715027, -0.0341063030064106
133180.12566604168, -0.9739532470703125, 0.0071258544921875, 0.01123046875, -0.06030594930052757, 0.0915680006146431, -0.04223879799246788
133180.13572904168, -0.9852294921875, -0.006103515625, 0.015533447265625, -0.04639892280101776, 0.03917563334107399, -0.05347627401351929
133180.14579204167, -0.9826812744140625, -0.0038909912109375, 0.0088348388671875, -0.057681936770677567, 0.020963072776794434, -0.056233178824186325
133180.15585504167, -0.9708404541015625, 0.0003204345703125, 0.0059661865234375, -0.06673002988100052, 0.03255687654018402, -0.052933257073163986
133180.16591804166, -0.974639892578125, -0.002471923828125, -0.011016845703125, -0.0676400288939476, 0.04959285259246826, -0.050094060599803925
133180.17598104168, -0.9830474853515625, -0.0061492919921875, -0.0174102783203125, -0.057018280029296875, 0.07039506733417511, -0.042451586574316025
133180.18604404168, -0.9756317138671875, -0.005828857421875, -0.0252532958984375, -0.041603900492191315, 0.13209651410579681, -0.026324814185500145
133180.19610704167, -0.96185302734375, -0.00396728515625, -0.03955078125, -0.023908793926239014, 0.19087061285972595, -0.019631758332252502
133180.20617104167, -0.959442138671875, -0.012451171875, -0.03240966796875, 0.0025241440162062645, 0.2096051573753357, -0.01816568709909916
133180.21623404167, -0.956268310546875, -0.0276947021484375, -0.0185699462890625, 0.02731471136212349, 0.21410590410232544, -0.010185792110860348
133180.22629704166, -0.951416015625, -0.0306396484375, -0.0091552734375, 0.04441513493657112, 0.22346743941307068, -0.0057409764267504215
133180.2363600417, -0.9516143798828125, -0.030487060546875, -0.003387451171875, 0.03862116113305092, 0.22027058899402618, -0.006190517917275429
133180.24642304168, -0.94293212890625, -0.02313232421875, 0.006072998046875, 0.02171674743294716, 0.20945069193840027, -0.010433998890221119
133180.25648604168, -0.9390106201171875, -0.021881103515625, -0.0062255859375, 0.018457837402820587, 0.20742802321910858, -0.021863220259547234
133180.26654904167, -0.9336395263671875, -0.0185394287109375, -0.02435302734375, 0.02894616313278675, 0.19989101588726044, -0.03213183581829071
133180.27661204166, -0.9389495849609375, -0.016265869140625, -0.037872314453125, 0.024381505325436592, 0.20189078152179718, -0.05116971209645271
133180.2866750417, -0.94287109375, -0.02484130859375, -0.041778564453125, 0.008773517794907093, 0.2146928608417511, -0.06241597235202789
133180.29673804168, -0.9370880126953125, -0.0287017822265625, -0.0475006103515625, -0.021220866590738297, 0.22615857422351837, -0.07057935744524002
133180.30680104168, -0.92779541015625, -0.02374267578125, -0.0526275634765625, -0.06198214367032051, 0.2103939801454544, -0.0676131322979927
133180.31686504168, -0.930023193359375, -0.026611328125, -0.0479888916015625, -0.1161966472864151, 0.14050358533859253, -0.07083182781934738
133180.32692804167, -0.9416046142578125, -0.0194854736328125, -0.0496826171875, -0.1781071573495865, 0.03419818356633186, -0.06952554732561111
133180.33699104167, -0.94866943359375, -0.0042877197265625, -0.06646728515625, -0.2503613829612732, -0.060858290642499924, -0.06756466627120972
133180.3470540417, -0.9677886962890625, -0.002532958984375, -0.09442138671875, -0.2972676455974579, -0.13198892772197723, -0.07161959260702133
133180.35711704168, -0.9894256591796875, 0.0099639892578125, -0.12384033203125, -0.3491068482398987, -0.17983794212341309, -0.06504131853580475
133180.36718004168, -1.0046234130859375, 0.0243072509765625, -0.153045654296875, -0.38675063848495483, -0.20131553709506989, -0.06311185657978058
133180.37724304167, -1.0170440673828125, 0.02496337890625, -0.1942596435546875, -0.4191133677959442, -0.1925971508026123, -0.05438521131873131
133180.38730604167, -1.0201873779296875, 0.0453643798828125, -0.23077392578125, -0.43590274453163147, -0.17173847556114197, -0.04421859234571457
133180.39736904166, -1.042327880859375, 0.0411376953125, -0.270599365234375, -0.4373858571052551, -0.14121465384960175, -0.040100280195474625
133180.40743204168, -1.058074951171875, 0.0494842529296875, -0.306549072265625, -0.4417515695095062, -0.14461976289749146, -0.03079839237034321
133180.41749504168, -1.0684814453125, 0.0747833251953125, -0.32635498046875, -0.4448493719100952, -0.15033064782619476, -0.043117910623550415
133180.42755804167, -1.0958099365234375, 0.0633697509765625, -0.3347625732421875, -0.4407603442668915, -0.17708450555801392, -0.06252383440732956
133180.43762204167, -1.1175384521484375, 0.0583343505859375, -0.3154449462890625, -0.42164257168769836, -0.1947907954454422, -0.07257433235645294
133180.44768504167, -1.143218994140625, 0.0511016845703125, -0.30206298828125, -0.38401344418525696, -0.20377017557621002, -0.07463082671165466
133180.45774804166, -1.16339111328125, 0.0482635498046875, -0.3034515380859375, -0.33161282539367676, -0.16712027788162231, -0.047626107931137085
133180.4678110417, -1.1654052734375, 0.066650390625, -0.350677490234375, -0.25301069021224976, -0.0754271149635315, -0.018447184935212135
133180.47787404168, -1.17486572265625, 0.07818603515625, -0.4224090576171875, -0.15447533130645752, 0.04621463268995285, -0.0046331011690199375
133180.48793704167, -1.195098876953125, 0.0872344970703125, -0.4640045166015625, -0.03277818486094475, 0.15592142939567566, -0.009921340271830559
133180.49800004167, -1.215423583984375, 0.088409423828125, -0.473388671875, 0.07141532748937607, 0.2433529943227768, -0.02707396261394024
133180.50806304166, -1.21478271484375, 0.1029205322265625, -0.4614410400390625, 0.13361132144927979, 0.2837672829627991, -0.04363775998353958
133180.5181260417, -1.2137451171875, 0.11187744140625, -0.442901611328125, 0.16608750820159912, 0.30508533120155334, -0.055562060326337814
133180.52818904168, -1.2176513671875, 0.111572265625, -0.4188232421875, 0.17793990671634674, 0.31115201115608215, -0.05188636854290962
133180.53825204168, -1.205169677734375, 0.116058349609375, -0.39208984375, 0.17091955244541168, 0.32127735018730164, -0.03513721376657486
133180.54831604168, -1.195220947265625, 0.113555908203125, -0.369384765625, 0.13651762902736664, 0.32335036993026733, -0.018994996324181557
133180.55837904167, -1.209197998046875, 0.1122283935546875, -0.352447509765625, 0.09909942001104355, 0.29639729857444763, -0.01878434047102928
133180.56844204167, -1.2197723388671875, 0.1114501953125, -0.3524322509765625, 0.0510176457464695, 0.24977068603038788, -0.0032226911280304193
133180.5785050417, -1.2137908935546875, 0.1218109130859375, -0.3729400634765625, 0.0028823392931371927, 0.24401266872882843, 0.006880809087306261
133180.58856804168, -1.2400054931640625, 0.126434326171875, -0.400909423828125, -0.00917645450681448, 0.2539566457271576, 0.0029995182994753122
133180.59863104168, -1.2619476318359375, 0.124908447265625, -0.4082183837890625, -0.003819771809503436, 0.25049853324890137, -0.004505536053329706
133180.60869404167, -1.2602386474609375, 0.1310272216796875, -0.3928375244140625, -0.00914236530661583, 0.23294110596179962, -0.017558487132191658
133180.61875704167, -1.250762939453125, 0.1413726806640625, -0.3777618408203125, -0.025404691696166992, 0.22335904836654663, -0.02719833143055439
133180.62882004166, -1.2301177978515625, 0.1506805419921875, -0.361083984375, -0.05507124215364456, 0.23826903104782104, -0.016575515270233154
133180.63888304168, -1.215606689453125, 0.155059814453125, -0.3365936279296875, -0.09166387468576431, 0.23907223343849182, 0.004259992390871048
133180.6489470417, -1.2146148681640625, 0.1451416015625, -0.309906005859375, -0.13485528528690338, 0.22101813554763794, 0.031145935878157616
133180.65901004168, -1.215301513671875, 0.1461029052734375, -0.286529541015625, -0.19814904034137726, 0.18208032846450806, 0.05121338739991188
133180.66907304167, -1.2109527587890625, 0.15283203125, -0.282257080078125, -0.26337093114852905, 0.1274612843990326, 0.05789259448647499
133180.67913604167, -1.212860107421875, 0.148773193359375, -0.2914581298828125, -0.29624977707862854, 0.08230259269475937, 0.058940812945365906
133180.68919904166, -1.2218780517578125, 0.140045166015625, -0.3057708740234375, -0.31101512908935547, 0.06493852287530899, 0.044681716710329056
133180.6992620417, -1.2206268310546875, 0.1370849609375, -0.3148651123046875, -0.3114013075828552, 0.0722488984465599, 0.022541528567671776
133180.70932504168, -1.21514892578125, 0.133331298828125, -0.316314697265625, -0.30550798773765564, 0.08223788440227509, -0.001606418751180172
133180.71938804167, -1.2147979736328125, 0.132598876953125, -0.3069000244140625, -0.2965392470359802, 0.07522817701101303, -0.024520257487893105
133180.72945104167, -1.2140350341796875, 0.12518310546875, -0.2942352294921875, -0.27567657828330994, 0.09072138369083405, -0.03993703052401543
133180.73951404166, -1.20648193359375, 0.1258087158203125, -0.3021697998046875, -0.24814429879188538, 0.13142167031764984, -0.05236413702368736
133180.74957804166, -1.1942596435546875, 0.1310882568359375, -0.302764892578125, -0.23026064038276672, 0.1446985900402069, -0.048588573932647705
133180.7596410417, -1.1810760498046875, 0.133514404296875, -0.2983856201171875, -0.21556957066059113, 0.14643390476703644, -0.05167810618877411
133180.76970404168, -1.16607666015625, 0.131072998046875, -0.2992095947265625, -0.19846941530704498, 0.1449020653963089, -0.05919594690203667
133180.77976766668, -1.145111083984375, 0.13006591796875, -0.2911834716796875, -0.18470406532287598, 0.14005324244499207, -0.07752621918916702
133180.78983066668, -1.135498046875, 0.1286468505859375, -0.2691192626953125, -0.18095088005065918, 0.13215617835521698, -0.1011415347456932
133180.79989366667, -1.1202850341796875, 0.1304168701171875, -0.2457733154296875, -0.19025489687919617, 0.1195913776755333, -0.10975712537765503
133180.80995666666, -1.0948028564453125, 0.133148193359375, -0.2286376953125, -0.19881242513656616, 0.11387383937835693, -0.11003515869379044
133180.8200196667, -1.0865325927734375, 0.136810302734375, -0.2247467041015625, -0.21290694177150726, 0.14449194073677063, -0.1155385822057724
133180.83008266668, -1.073028564453125, 0.1316680908203125, -0.2273712158203125, -0.23073014616966248, 0.16095106303691864, -0.1092441976070404
133180.84014566668, -1.0408172607421875, 0.1205902099609375, -0.2259063720703125, -0.24561215937137604, 0.17266204953193665, -0.10484012961387634
133180.85020966668, -1.001434326171875, 0.0988922119140625, -0.240478515625, -0.2605205476284027, 0.21212583780288696, -0.09548550844192505
133180.86027266667, -0.9587860107421875, 0.077789306640625, -0.25787353515625, -0.27003681659698486, 0.270773708820343, -0.06889597326517105
133180.87033566667, -0.9191131591796875, 0.0597381591796875, -0.25811767578125, -0.27140727639198303, 0.2979762852191925, -0.04839363321661949
133180.88039866666, -0.8942413330078125, 0.0526275634765625, -0.227264404296875, -0.3035401701927185, 0.2819555103778839, -0.03749171644449234
133180.89046166668, -0.9042205810546875, 0.0423126220703125, -0.1624908447265625, -0.3584960997104645, 0.22042158246040344, -0.02991022914648056
133180.90052466668, -0.8973846435546875, 0.0289154052734375, -0.157501220703125, -0.4065065085887909, 0.24251437187194824, -0.043346673250198364
133180.91058766667, -0.87432861328125, 0.02581787109375, -0.2108612060546875, -0.47680169343948364, 0.2954649329185486, -0.06258801370859146
133180.92065066667, -0.851348876953125, 0.02655029296875, -0.22686767578125, -0.5373340249061584, 0.30601346492767334, -0.0896633043885231
133180.93071366666, -0.8573760986328125, 0.0240936279296875, -0.2548370361328125, -0.5303400158882141, 0.3332730233669281, -0.12910765409469604
133180.94077666668, -0.8656005859375, 0.03717041015625, -0.3138275146484375, -0.4494560956954956, 0.40294983983039856, -0.15852093696594238
133180.9508406667, -0.848663330078125, 0.05859375, -0.350341796875, -0.3205236792564392, 0.5185736417770386, -0.17450283467769623
133180.96090366668, -0.81402587890625, 0.084991455078125, -0.358917236328125, -0.15527960658073425, 0.6225104331970215, -0.1647529900074005
133180.97096666667, -0.769866943359375, 0.1100921630859375, -0.327484130859375, 0.004540956113487482, 0.6731416583061218, -0.11726164817810059
133180.98102966667, -0.755859375, 0.1154022216796875, -0.26092529296875, 0.09879662096500397, 0.6266971826553345, -0.07027948647737503
133180.99109266666, -0.763702392578125, 0.1068115234375, -0.166778564453125, 0.08771280944347382, 0.45625701546669006, -0.03051023930311203
133181.0011556667, -0.7899322509765625, 0.075531005859375, -0.109619140625, -0.020248545333743095, 0.31202659010887146, -0.0033273533917963505
133181.01121866668, -0.818023681640625, 0.042694091796875, -0.1256103515625, -0.16846545040607452, 0.2578773498535156, -0.0013233247445896268
133181.02128166668, -0.832672119140625, 0.0194549560546875, -0.1793365478515625, -0.29547932744026184, 0.283852756023407, -0.040756482630968094
133181.03134466667, -0.8514404296875, -0.0007781982421875, -0.2399444580078125, -0.35279080271720886, 0.4017503559589386, -0.10866043716669083
133181.04140866667, -0.8536834716796875, 0.004486083984375, -0.2927703857421875, -0.3432508409023285, 0.5250832438468933, -0.19283922016620636
133181.05147166667, -0.8216705322265625, 0.0496978759765625, -0.269805908203125, -0.31030115485191345, 0.5145661234855652, -0.21743831038475037
133181.0615346667, -0.778350830078125, 0.0855865478515625, -0.185943603515625, -0.28979745507240295, 0.3889072835445404, -0.19316652417182922
133181.07159766668, -0.7705078125, 0.093170166015625, -0.1513824462890625, -0.25416383147239685, 0.23326174914836884, -0.166395902633667
133181.08166066668, -0.7767791748046875, 0.08184814453125, -0.185699462890625, -0.20613372325897217, 0.07401670515537262, -0.14467063546180725
133181.09172366667, -0.762939453125, 0.0709991455078125, -0.2303009033203125, -0.1669362634420395, -0.024468325078487396, -0.1373906135559082
133181.10178666667, -0.769439697265625, 0.0565948486328125, -0.30035400390625, -0.11176461726427078, -0.03057175688445568, -0.1952619105577469
133181.11184966666, -0.806549072265625, 0.038299560546875, -0.3803863525390625, -0.02334100939333439, 0.07761676609516144, -0.2921173572540283
133181.12191266668, -0.81103515625, 0.026458740234375, -0.4347381591796875, 0.11913864314556122, 0.22779907286167145, -0.35234740376472473
133181.1319766667, -0.7466583251953125, 0.05828857421875, -0.42510986328125, 0.2765543758869171, 0.4082218408584595, -0.32355594635009766
133181.14203966668, -0.7109832763671875, 0.072540283203125, -0.3679656982421875, 0.3712574243545532, 0.5366056561470032, -0.2628755569458008
133181.15210266667, -0.7155303955078125, 0.0569305419921875, -0.26068115234375, 0.361074835062027, 0.5266332030296326, -0.21277698874473572
133181.16216566667, -0.7209320068359375, 0.024322509765625, -0.16253662109375, 0.2833417057991028, 0.42634597420692444, -0.18631981313228607
133181.17222866666, -0.7268218994140625, -0.0198211669921875, -0.11993408203125, 0.18661408126354218, 0.2919357120990753, -0.1928727775812149
133181.1822916667, -0.7272186279296875, -0.057220458984375, -0.1333465576171875, 0.12773452699184418, 0.19211165606975555, -0.23704557120800018
133181.19235466668, -0.726531982421875, -0.0844268798828125, -0.1795196533203125, 0.09613744914531708, 0.1495569944381714, -0.3021017909049988
133181.20241766667, -0.722381591796875, -0.093994140625, -0.20263671875, 0.0620519183576107, 0.14619289338588715, -0.36592844128608704
133181.21248066667, -0.7192230224609375, -0.093414306640625, -0.18682861328125, -0.01818273216485977, 0.145234152674675, -0.39155763387680054
133181.22254466667, -0.732086181640625, -0.093597412109375, -0.1470184326171875, -0.1433236002922058, 0.1522369384765625, -0.41148555278778076
133181.23260766666, -0.7633514404296875, -0.085601806640625, -0.106109619140625, -0.2998303771018982, 0.10080117732286453, -0.4265526533126831
133181.2426706667, -0.7747802734375, -0.0797271728515625, -0.082427978515625, -0.4542098343372345, -0.008268848992884159, -0.4329064190387726
133181.25273366668, -0.7732696533203125, -0.08843994140625, -0.0869140625, -0.5777168869972229, -0.14513562619686127, -0.4388306140899658
133181.26279666668, -0.7673187255859375, -0.085693359375, -0.109954833984375, -0.6760748624801636, -0.3051111698150635, -0.4247685968875885
133181.27285966667, -0.77410888671875, -0.077392578125, -0.1334991455078125, -0.7383376955986023, -0.4644153416156769, -0.4072399437427521
133181.28292266667, -0.7873382568359375, -0.064727783203125, -0.15240478515625, -0.7986710667610168, -0.5968860387802124, -0.37272778153419495
133181.2929856667, -0.7985382080078125, -0.050384521484375, -0.169830322265625, -0.8642445206642151, -0.6448724865913391, -0.32915499806404114
133181.30304966666, -0.8258819580078125, -0.0592041015625, -0.2100067138671875, -0.9052547812461853, -0.6153934001922607, -0.2824743092060089
133181.31311266668, -0.8542327880859375, -0.0649261474609375, -0.24029541015625, -0.9191844463348389, -0.5645190477371216, -0.2492567002773285
133181.32317566668, -0.888275146484375, -0.079132080078125, -0.272308349609375, -0.8864331841468811, -0.5046163201332092, -0.2206820398569107
133181.33323866667, -0.893280029296875, -0.0929107666015625, -0.3125457763671875, -0.8188706040382385, -0.41893255710601807, -0.18217194080352783
133181.34330166667, -0.8843841552734375, -0.1024627685546875, -0.340789794921875, -0.7487552165985107, -0.32570698857307434, -0.15112373232841492
133181.35336466666, -0.8930511474609375, -0.1124725341796875, -0.3372039794921875, -0.6905930638313293, -0.25458142161369324, -0.12434059381484985
133181.36342766669, -0.902801513671875, -0.120758056640625, -0.313079833984375, -0.6587504744529724, -0.21495544910430908, -0.11720997840166092
133181.37349066668, -0.9013824462890625, -0.119354248046875, -0.28729248046875, -0.6635020971298218, -0.19525417685508728, -0.11933225393295288
133181.38355466668, -0.8905181884765625, -0.1139068603515625, -0.2800750732421875, -0.6934781074523926, -0.17843365669250488, -0.134325310587883
133181.39361766668, -0.8935699462890625, -0.1165924072265625, -0.2563323974609375, -0.7373962998390198, -0.175530806183815, -0.14225035905838013
133181.40368066667, -0.9073333740234375, -0.118499755859375, -0.2247467041015625, -0.786700963973999, -0.16168902814388275, -0.14891038835048676
133181.41374366666, -0.909515380859375, -0.117431640625, -0.1965179443359375, -0.8340924382209778, -0.14645043015480042, -0.15083211660385132
133181.4238066667, -0.9113922119140625, -0.113311767578125, -0.1809844970703125, -0.8754037022590637, -0.1135483980178833, -0.1503751277923584
133181.43386966668, -0.9138031005859375, -0.1091766357421875, -0.1740875244140625, -0.9216893911361694, -0.11835221201181412, -0.1429731398820877
133181.44393266668, -0.9095916748046875, -0.096466064453125, -0.1606903076171875, -0.9868263602256775, -0.15871667861938477, -0.13305579125881195
133181.45399566667, -0.9096221923828125, -0.09906005859375, -0.1639556884765625, -1.0281703472137451, -0.19721932709217072, -0.11880601197481155
133181.46405966667, -0.91796875, -0.10919189453125, -0.1816864013671875, -1.0465143918991089, -0.21009758114814758, -0.10839784890413284
133181.47412266667, -0.927520751953125, -0.1115570068359375, -0.1977386474609375, -1.0608752965927124, -0.20670203864574432, -0.0986727774143219
133181.48418566666, -0.9276123046875, -0.1098785400390625, -0.200592041015625, -1.0691720247268677, -0.19383898377418518, -0.08865929394960403
133181.49424866668, -0.92718505859375, -0.112396240234375, -0.1990203857421875, -1.0666841268539429, -0.16548456251621246, -0.0858861431479454
133181.50431166668, -0.93463134765625, -0.1212310791015625, -0.210662841796875, -1.0415012836456299, -0.14323359727859497, -0.08080244064331055
133181.51437466667, -0.9355316162109375, -0.1337432861328125, -0.2152862548828125, -0.9872024059295654, -0.11607467383146286, -0.07026537507772446
133181.52443766667, -0.937347412109375, -0.1389923095703125, -0.233673095703125, -0.9245434999465942, -0.09709858894348145, -0.05582811310887337
133181.53450066666, -0.93865966796875, -0.130157470703125, -0.2382965087890625, -0.8800258636474609, -0.07726016640663147, -0.04543938860297203
133181.54456466666, -0.941925048828125, -0.1212310791015625, -0.23583984375, -0.8403940200805664, -0.06456248462200165, -0.03491457551717758
133181.5546276667, -0.94537353515625, -0.115447998046875, -0.232635498046875, -0.8143991827964783, -0.05999888852238655, -0.03328818082809448
133181.56469066668, -0.956024169921875, -0.1189422607421875, -0.2207183837890625, -0.8083490133285522, -0.04367024824023247, -0.0446028895676136
133181.57475366667, -0.9607086181640625, -0.1220855712890625, -0.2130279541015625, -0.8225796222686768, -0.021630194038152695, -0.05723026767373085
133181.58481666667, -0.9555511474609375, -0.1282806396484375, -0.208526611328125, -0.833101212978363, 0.023503195494413376, -0.07108189910650253
133181.59487966666, -0.9496917724609375, -0.1366424560546875, -0.21905517578125, -0.836767315864563, 0.049671415239572525, -0.08591730147600174
133181.6049426667, -0.94488525390625, -0.1410675048828125, -0.21905517578125, -0.8407295942306519, 0.019406188279390335, -0.10418179631233215
133181.61500566668, -0.9381103515625, -0.13531494140625, -0.2266387939453125, -0.8499577045440674, -0.015681492164731026, -0.12127849459648132
133181.62506966668, -0.9314422607421875, -0.129241943359375, -0.240966796875, -0.8657587766647339, -0.010704043321311474, -0.13956961035728455
133181.63513266668, -0.9248046875, -0.1164703369140625, -0.251312255859375, -0.9132860898971558, 0.013197028078138828, -0.1569102555513382
133181.64519566667, -0.912689208984375, -0.0990753173828125, -0.24432373046875, -0.9653236865997314, 0.00044554684427566826, -0.17568208277225494
133181.65525866667, -0.916412353515625, -0.0960235595703125, -0.2435760498046875, -0.9950099587440491, -0.05644569918513298, -0.20541387796401978
133181.6653216667, -0.927154541015625, -0.094451904296875, -0.244049072265625, -1.0048210620880127, -0.11632394790649414, -0.22464695572853088
133181.67538466668, -0.9365081787109375, -0.0939483642578125, -0.2361602783203125, -1.0183435678482056, -0.13591629266738892, -0.22586455941200256
133181.68544766668, -0.9450531005859375, -0.09930419921875, -0.2375030517578125, -1.0242624282836914, -0.09259171783924103, -0.21408912539482117
133181.69551166668, -0.9570770263671875, -0.0970001220703125, -0.25836181640625, -1.0155565738677979, -0.040105875581502914, -0.21270588040351868
133181.70557466667, -0.9638671875, -0.090362548828125, -0.2689056396484375, -0.991351842880249, -0.014770423993468285, -0.22343415021896362
133181.71563766667, -0.96966552734375, -0.09051513671875, -0.2787322998046875, -0.9701834321022034, -0.014570953324437141, -0.2410706728696823
133181.72570066666, -0.9698638916015625, -0.0830841064453125, -0.2805633544921875, -0.9594354629516602, -0.009813481941819191, -0.2635621428489685
133181.7357636667, -0.96563720703125, -0.079681396484375, -0.2702178955078125, -0.9659380912780762, -0.015746206045150757, -0.29124969244003296
133181.74582666668, -0.9637603759765625, -0.082733154296875, -0.2520599365234375, -0.9924339056015015, -0.05253005400300026, -0.31500375270843506
133181.75588966667, -0.966461181640625, -0.0891876220703125, -0.2424163818359375, -1.0180721282958984, -0.10443932563066483, -0.3339686393737793
133181.76595366668, -0.965972900390625, -0.0926055908203125, -0.25164794921875, -1.0487083196640015, -0.12421222776174545, -0.34144681692123413
133181.77601666667, -0.9661712646484375, -0.090789794921875, -0.2692108154296875, -1.0644092559814453, -0.1109001487493515, -0.3375801742076874
133181.7860785, -0.9559326171875, -0.0822601318359375, -0.3013916015625, -1.0647704601287842, -0.09246867895126343, -0.3198845386505127
133181.7961415, -0.9531402587890625, -0.076812744140625, -0.32073974609375, -1.0596044063568115, -0.10762180387973785, -0.30947422981262207
133181.8062045, -0.9668426513671875, -0.0745391845703125, -0.3235931396484375, -1.0664771795272827, -0.15441647171974182, -0.3093043267726898
133181.81626750002, -0.97802734375, -0.0737152099609375, -0.3170318603515625, -1.0882611274719238, -0.20097704231739044, -0.32133594155311584
133181.82633050001, -0.9768524169921875, -0.07586669921875, -0.31402587890625, -1.1283962726593018, -0.22219312191009521, -0.33391299843788147
133181.83639450002, -0.9765777587890625, -0.0763397216796875, -0.3025360107421875, -1.1985827684402466, -0.2047153264284134, -0.33822837471961975
133181.8464575, -0.9783172607421875, -0.0703582763671875, -0.2701416015625, -1.3009928464889526, -0.15210510790348053, -0.3415384292602539
133181.8565205, -0.9796142578125, -0.0614776611328125, -0.2296295166015625, -1.421117901802063, -0.10722152888774872, -0.34854573011398315
133181.8665835, -0.9816741943359375, -0.054595947265625, -0.178558349609375, -1.528952956199646, -0.11704806238412857, -0.3539106845855713
133181.87664650002, -0.9879608154296875, -0.0504608154296875, -0.1338653564453125, -1.6231356859207153, -0.16043175756931305, -0.3530805706977844
133181.88670950002, -0.9949188232421875, -0.0449676513671875, -0.1319122314453125, -1.678007960319519, -0.1831810027360916, -0.343026340007782
133181.8967725, -1.0030975341796875, -0.0361480712890625, -0.15625, -1.6843907833099365, -0.18989244103431702, -0.3337430953979492
133181.9068365, -1.0096893310546875, -0.0240631103515625, -0.19940185546875, -1.6474213600158691, -0.15661251544952393, -0.328642874956131
133181.9168995, -1.0238037109375, -0.00592041015625, -0.25042724609375, -1.5775032043457031, -0.08986251056194305, -0.3437262177467346
133181.9269625, -1.0471954345703125, 0.0182952880859375, -0.2999114990234375, -1.4658571481704712, -0.016444221138954163, -0.36411431431770325
133181.9370255, -1.0681610107421875, 0.0336151123046875, -0.3294219970703125, -1.3317091464996338, 0.04474936053156853, -0.37997716665267944
133181.94708850002, -1.0812225341796875, 0.049346923828125, -0.3376312255859375, -1.1942695379257202, 0.1222928911447525, -0.38696157932281494
133181.9571515, -1.0882568359375, 0.054901123046875, -0.330657958984375, -1.0816996097564697, 0.21765029430389404, -0.37773051857948303
133181.96721550002, -1.0829010009765625, 0.0574188232421875, -0.304443359375, -1.0000529289245605, 0.29909348487854004, -0.35553306341171265
133181.9772785, -1.07049560546875, 0.0609588623046875, -0.281036376953125, -0.9474490880966187, 0.35610538721084595, -0.3260984718799591
133181.9873415, -1.05462646484375, 0.068145751953125, -0.2638397216796875, -0.9262902736663818, 0.37049922347068787, -0.3167148232460022
133181.9974045, -1.043914794921875, 0.0793914794921875, -0.25946044921875, -0.9267076253890991, 0.33189353346824646, -0.31542906165122986
133182.00746750002, -1.033966064453125, 0.0810546875, -0.2657928466796875, -0.9277206659317017, 0.27669525146484375, -0.31536194682121277
133182.01753050002, -1.01141357421875, 0.0823211669921875, -0.2914581298828125, -0.911396324634552, 0.21421615779399872, -0.31324073672294617
133182.02759450002, -0.977783203125, 0.090911865234375, -0.322540283203125, -0.8947904109954834, 0.15213440358638763, -0.30510184168815613
133182.0376575, -0.9614715576171875, 0.0890350341796875, -0.3443450927734375, -0.8732366561889648, 0.11222640424966812, -0.29395386576652527
133182.0477205, -0.958251953125, 0.08233642578125, -0.3365478515625, -0.8681873083114624, 0.07017828524112701, -0.28847840428352356
133182.0577835, -0.9578704833984375, 0.072540283203125, -0.307952880859375, -0.8694975972175598, 0.0180588960647583, -0.28152382373809814
133182.0678465, -0.95159912109375, 0.063751220703125, -0.2819061279296875, -0.882191002368927, -0.033415745943784714, -0.26878857612609863
133182.07790950002, -0.9495697021484375, 0.0561065673828125, -0.265045166015625, -0.898404061794281, -0.055633168667554855, -0.24973580241203308
133182.0879725, -0.9425048828125, 0.056121826171875, -0.25555419921875, -0.909834623336792, -0.0484522208571434, -0.22472365200519562
133182.0980365, -0.9328460693359375, 0.0545196533203125, -0.2365570068359375, -0.9289374947547913, -0.05353672802448273, -0.20543357729911804
133182.1080995, -0.9223785400390625, 0.0555419921875, -0.1995086669921875, -0.969383180141449, -0.09148091077804565, -0.19048818945884705
133182.1181625, -0.91595458984375, 0.0521240234375, -0.1642608642578125, -1.0047880411148071, -0.16499455273151398, -0.17895670235157013
133182.1282255, -0.9097137451171875, 0.043243408203125, -0.1534271240234375, -1.0172343254089355, -0.2250344455242157, -0.16914720833301544
133182.13828850002, -0.90802001953125, 0.038238525390625, -0.1746826171875, -0.9984681010246277, -0.24689553678035736, -0.1562468558549881
133182.1483515, -0.9082489013671875, 0.0401458740234375, -0.20721435546875, -0.9704412221908569, -0.22339767217636108, -0.14299151301383972
133182.15841550002, -0.9177398681640625, 0.04486083984375, -0.2216033935546875, -0.9414021372795105, -0.1551019698381424, -0.1374518722295761
133182.1684785, -0.92742919921875, 0.0521697998046875, -0.20947265625, -0.9364901781082153, -0.0908643901348114, -0.13455088436603546
133182.1785415, -0.917694091796875, 0.054534912109375, -0.1698760986328125, -0.9477788209915161, -0.04946848377585411, -0.11577426642179489
133182.1886045, -0.89923095703125, 0.05517578125, -0.1606903076171875, -0.926348090171814, -0.028181036934256554, -0.08234147727489471
133182.19866750002, -0.895111083984375, 0.053558349609375, -0.1815643310546875, -0.8677241802215576, -0.03259895741939545, -0.05302300304174423
133182.20873050002, -0.9115142822265625, 0.062652587890625, -0.20379638671875, -0.796420156955719, -0.047444481402635574, -0.03566691651940346
133182.21879450002, -0.9355316162109375, 0.0719757080078125, -0.2313232421875, -0.7174486517906189, -0.045872416347265244, -0.0334186777472496
133182.2288575, -0.9506378173828125, 0.0856781005859375, -0.2672576904296875, -0.6301606297492981, -0.036793965846300125, -0.04038310796022415
133182.2389205, -0.966033935546875, 0.0956268310546875, -0.2811431884765625, -0.5474154353141785, -0.0351308211684227, -0.05993390828371048
133182.2489835, -0.9844512939453125, 0.095062255859375, -0.274444580078125, -0.4690138101577759, -0.025597771629691124, -0.08157794922590256
133182.2590465, -0.9854888916015625, 0.094329833984375, -0.2566070556640625, -0.4120038151741028, -0.01798699051141739, -0.08975598216056824
133182.26910950002, -0.976226806640625, 0.09332275390625, -0.2341766357421875, -0.3805289566516876, -0.02684572897851467, -0.0800359770655632
133182.27917350002, -0.9674072265625, 0.0895538330078125, -0.2080230712890625, -0.37502795457839966, -0.0627046599984169, -0.07088642567396164
133182.28923650002, -0.961456298828125, 0.0938720703125, -0.18756103515625, -0.39090970158576965, -0.10881702601909637, -0.06337124854326248
133182.2992995, -0.9719085693359375, 0.086761474609375, -0.1895751953125, -0.40229737758636475, -0.14532390236854553, -0.05680922046303749
133182.3093625, -0.992889404296875, 0.0697784423828125, -0.201202392578125, -0.3986283540725708, -0.17274300754070282, -0.059306465089321136
133182.3194255, -1.00201416015625, 0.0667724609375, -0.2164306640625, -0.40491366386413574, -0.1681855469942093, -0.06317497789859772
133182.32948850002, -0.9939422607421875, 0.0671844482421875, -0.2248077392578125, -0.41482195258140564, -0.1284290850162506, -0.06993620842695236
133182.3395525, -0.9776153564453125, 0.070343017578125, -0.218353271484375, -0.4471122622489929, -0.09424900263547897, -0.07314345240592957
133182.34961550002, -0.967315673828125, 0.0690460205078125, -0.1904144287109375, -0.4918469786643982, -0.0839468315243721, -0.07925860583782196
133182.3596785, -0.966644287109375, 0.0595703125, -0.1601715087890625, -0.5456390976905823, -0.10548567771911621, -0.0803648829460144
133182.3697415, -0.966949462890625, 0.0506591796875, -0.131866455078125, -0.6100189089775085, -0.12353445589542389, -0.08171004056930542
133182.3798045, -0.9662017822265625, 0.045196533203125, -0.1174774169921875, -0.6743984222412109, -0.14777614176273346, -0.07231414318084717
133182.3898685, -0.9597930908203125, 0.0474090576171875, -0.117401123046875, -0.7099246978759766, -0.18758055567741394, -0.06255552172660828
133182.3999315, -0.9597625732421875, 0.0511474609375, -0.1269989013671875, -0.7202388644218445, -0.21853579580783844, -0.052993711084127426
133182.40999450002, -0.9575958251953125, 0.0570068359375, -0.1472015380859375, -0.7119580507278442, -0.23617258667945862, -0.04669347032904625
133182.4200575, -0.95343017578125, 0.06817626953125, -0.158477783203125, -0.7064285278320312, -0.25175127387046814, -0.03363705426454544
133182.4301205, -0.9477996826171875, 0.077606201171875, -0.163482666015625, -0.6910610198974609, -0.23424126207828522, -0.02948492206633091
133182.4401835, -0.94854736328125, 0.0791168212890625, -0.1768341064453125, -0.6579011678695679, -0.18340684473514557, -0.02804681472480297
133182.4502475, -0.9490509033203125, 0.076202392578125, -0.187347412109375, -0.6190161108970642, -0.1359325349330902, -0.027634024620056152
133182.4603105, -0.9456634521484375, 0.0715789794921875, -0.1936798095703125, -0.5635949373245239, -0.10751074552536011, -0.031803201884031296
133182.47037350002, -0.9373626708984375, 0.0729217529296875, -0.2060546875, -0.5033488869667053, -0.07674244791269302, -0.0383141003549099
133182.48043650002, -0.9321136474609375, 0.080535888671875, -0.2183380126953125, -0.4532833397388458, -0.04051120579242706, -0.04974811524152756
133182.4904995, -0.931793212890625, 0.080047607421875, -0.2173919677734375, -0.4030603766441345, -0.011295264586806297, -0.06341945379972458
133182.5005635, -0.93121337890625, 0.0771942138671875, -0.1980743408203125, -0.3711114823818207, 0.006110889371484518, -0.07176979631185532
133182.5106265, -0.923095703125, 0.0756072998046875, -0.16473388671875, -0.36333879828453064, 0.014077203348279, -0.07060252875089645
133182.5206895, -0.93450927734375, 0.0648956298828125, -0.1345367431640625, -0.372094988822937, 0.019410450011491776, -0.07883729040622711
133182.5307525, -0.95037841796875, 0.05902099609375, -0.1173248291015625, -0.4000912010669708, 0.030117155984044075, -0.09581174701452255
133182.54081550002, -0.95452880859375, 0.057586669921875, -0.1070404052734375, -0.4495495855808258, 0.016146745532751083, -0.1174003928899765
133182.55087950002, -0.9596710205078125, 0.056549072265625, -0.09844970703125, -0.4951317012310028, 0.009936786256730556, -0.1465742588043213
133182.56094250001, -0.971923828125, 0.0531768798828125, -0.094635009765625, -0.5261516571044922, 0.012299543246626854, -0.1635417938232422
133182.5710055, -0.9756011962890625, 0.0578155517578125, -0.097381591796875, -0.546996533870697, 0.027782894670963287, -0.16938289999961853
133182.5810685, -0.9774017333984375, 0.06671142578125, -0.0998992919921875, -0.5602979063987732, 0.03387860581278801, -0.1732543408870697
133182.5911315, -0.9798736572265625, 0.078887939453125, -0.1031646728515625, -0.5692815780639648, 0.03292066603899002, -0.1734066754579544
133182.6011955, -0.980255126953125, 0.0933990478515625, -0.1028900146484375, -0.5814612507820129, 0.029954703524708748, -0.17053072154521942
133182.6112585, -0.9829254150390625, 0.0937347412109375, -0.1127777099609375, -0.5848965048789978, 0.025835059583187103, -0.16911152005195618
133182.62132150002, -0.987274169921875, 0.09564208984375, -0.119537353515625, -0.5946279168128967, 0.02341451123356819, -0.16113269329071045
133182.6313845, -0.983673095703125, 0.0971221923828125, -0.125579833984375, -0.602439284324646, 0.03243117779493332, -0.16220009326934814
133182.6414475, -0.9821929931640625, 0.09051513671875, -0.127105712890625, -0.6105786561965942, 0.0502900667488575, -0.1599915325641632
133182.6515115, -0.985076904296875, 0.089508056640625, -0.1128997802734375, -0.6291875243186951, 0.048939045518636703, -0.16386403143405914
133182.6615745, -0.9882965087890625, 0.0802154541015625, -0.09332275390625, -0.6423672437667847, 0.041201766580343246, -0.16563236713409424
133182.6716375, -0.9848480224609375, 0.076904296875, -0.0927581787109375, -0.6429033279418945, 0.053090114146471024, -0.15655125677585602
133182.68170050002, -0.980072021484375, 0.073394775390625, -0.1037445068359375, -0.636284589767456, 0.07823728024959564, -0.14261387288570404
133182.6917635, -0.9799346923828125, 0.067962646484375, -0.1141357421875, -0.6176192760467529, 0.11613272875547409, -0.13328348100185394
133182.7018265, -0.9751739501953125, 0.068145751953125, -0.1236572265625, -0.6110343337059021, 0.16196893155574799, -0.12839418649673462
133182.7118905, -0.9660491943359375, 0.0720672607421875, -0.1229400634765625, -0.6306535601615906, 0.20773082971572876, -0.13034841418266296
133182.7219535, -0.96746826171875, 0.0733795166015625, -0.109283447265625, -0.6740476489067078, 0.21279402077198029, -0.14591991901397705
133182.7320165, -0.963592529296875, 0.0730438232421875, -0.0914306640625, -0.7114379405975342, 0.17800915241241455, -0.16431383788585663
133182.74207950002, -0.96466064453125, 0.062347412109375, -0.09002685546875, -0.7247965931892395, 0.13421852886676788, -0.17265751957893372
133182.7521435, -0.9712677001953125, 0.0654449462890625, -0.09906005859375, -0.7212449908256531, 0.0995582789182663, -0.17389270663261414
133182.76220650002, -0.9797515869140625, 0.072113037109375, -0.116058349609375, -0.7135626077651978, 0.08539851754903793, -0.17001673579216003
133182.7722695, -0.988037109375, 0.07928466796875, -0.1341705322265625, -0.6947819590568542, 0.08381340652704239, -0.16226108372211456
133182.782332875, -0.986480712890625, 0.087860107421875, -0.1632232666015625, -0.6632304191589355, 0.11648213863372803, -0.1522398740053177
133182.792395875, -0.9807586669921875, 0.0881805419921875, -0.190765380859375, -0.6266918778419495, 0.1747686117887497, -0.14493748545646667
133182.802459875, -0.9847869873046875, 0.084808349609375, -0.20135498046875, -0.5993292331695557, 0.21595120429992676, -0.15115728974342346
133182.812522875, -0.993804931640625, 0.0821075439453125, -0.18475341796875, -0.5833073854446411, 0.2112019956111908, -0.167348250746727
133182.822585875, -0.9983978271484375, 0.06793212890625, -0.1673736572265625, -0.5678187012672424, 0.18507105112075806, -0.18761517107486725
133182.83264887502, -0.99200439453125, 0.0578155517578125, -0.148681640625, -0.5772265791893005, 0.14104314148426056, -0.20390546321868896
133182.842711875, -0.9818878173828125, 0.0516815185546875, -0.1316070556640625, -0.5871385931968689, 0.09459041804075241, -0.21552643179893494
133182.852775875, -0.987091064453125, 0.0383148193359375, -0.137969970703125, -0.5790370106697083, 0.06369295716285706, -0.22401365637779236
133182.862838875, -0.9886322021484375, 0.0360260009765625, -0.1597137451171875, -0.564261794090271, 0.051793422549963, -0.22453910112380981
133182.872901875, -0.9875946044921875, 0.0386505126953125, -0.1811676025390625, -0.5420717597007751, 0.05101364850997925, -0.21527768671512604
133182.882964875, -0.99688720703125, 0.03460693359375, -0.2046966552734375, -0.4959293305873871, 0.06181463226675987, -0.21829558908939362
133182.89302787502, -1.003631591796875, 0.0326385498046875, -0.2285614013671875, -0.4444373846054077, 0.07149522006511688, -0.22128978371620178
133182.90309187502, -0.996490478515625, 0.031890869140625, -0.2214813232421875, -0.4203280508518219, 0.06970531493425369, -0.22217661142349243
133182.91315487502, -0.9902801513671875, 0.0258636474609375, -0.2078399658203125, -0.4057086110115051, 0.0590212419629097, -0.2316737025976181
133182.923217875, -0.989227294921875, 0.020233154296875, -0.19525146484375, -0.407287061214447, 0.02183951810002327, -0.24770434200763702
133182.933280875, -0.989715576171875, 0.0105743408203125, -0.177978515625, -0.4143013060092926, -0.015811188146471977, -0.26265451312065125
133182.943343875, -0.9984588623046875, -0.0080108642578125, -0.1664581298828125, -0.4140416383743286, -0.04908924922347069, -0.27359211444854736
133182.953407875, -1.0104217529296875, -0.020782470703125, -0.1635894775390625, -0.4023437201976776, -0.07793687283992767, -0.2830394208431244
133182.963470875, -1.012481689453125, -0.023284912109375, -0.1704559326171875, -0.3814064860343933, -0.07975634932518005, -0.2849595546722412
133182.97353387502, -1.009735107421875, -0.02435302734375, -0.185577392578125, -0.34761202335357666, -0.061644457280635834, -0.2863579988479614
133182.983596875, -1.005828857421875, -0.0259857177734375, -0.1948699951171875, -0.31672629714012146, -0.03500352427363396, -0.28339895606040955
133182.993660875, -1.0064239501953125, -0.0310211181640625, -0.19610595703125, -0.2903450131416321, 0.003323625074699521, -0.2792891561985016
133183.003723875, -1.0068511962890625, -0.0394439697265625, -0.188232421875, -0.2878972887992859, 0.04790440946817398, -0.2773626446723938
133183.013786875, -0.998931884765625, -0.047943115234375, -0.170318603515625, -0.2970210313796997, 0.09958198666572571, -0.2729244828224182
133183.023849875, -0.9963836669921875, -0.0530853271484375, -0.1582489013671875, -0.3235088288784027, 0.13599218428134918, -0.2768299877643585
133183.03391287502, -1.0038604736328125, -0.0585784912109375, -0.1460723876953125, -0.35795867443084717, 0.14903955161571503, -0.28643494844436646
133183.04397687502, -1.0059967041015625, -0.061431884765625, -0.146575927734375, -0.3908284604549408, 0.1484145075082779, -0.2906542122364044
133183.05403987502, -0.9992828369140625, -0.0606231689453125, -0.157562255859375, -0.41885584592819214, 0.15277676284313202, -0.2922094762325287
133183.064102875, -0.9942779541015625, -0.057373046875, -0.172637939453125, -0.4538407325744629, 0.14335183799266815, -0.288894921541214
133183.074165875, -0.994903564453125, -0.0513458251953125, -0.173248291015625, -0.49083709716796875, 0.09198105335235596, -0.28688502311706543
133183.084229875, -0.994384765625, -0.0439300537109375, -0.1700286865234375, -0.5562049150466919, 0.03295715153217316, -0.28482747077941895
133183.094292875, -0.98394775390625, -0.0318603515625, -0.1785125732421875, -0.6186861395835876, -0.015812518075108528, -0.27112364768981934
133183.104355875, -0.9703216552734375, -0.01806640625, -0.2024078369140625, -0.6671682000160217, -0.0404539480805397, -0.24768276512622833
133183.11441887502, -0.966217041015625, -0.0056304931640625, -0.2323150634765625, -0.6918991208076477, -0.04574618116021156, -0.22571276128292084
133183.124481875, -0.9698486328125, 0.00250244140625, -0.2563018798828125, -0.7001549005508423, -0.0593930184841156, -0.20917078852653503
133183.13454587501, -0.96923828125, 0.0064544677734375, -0.2796478271484375, -0.6850430369377136, -0.08784889429807663, -0.19372153282165527
133183.144608875, -0.9637298583984375, 0.0039825439453125, -0.3000335693359375, -0.657132089138031, -0.10036468505859375, -0.1826489120721817
133183.154671875, -0.9580535888671875, -0.0016326904296875, -0.302886962890625, -0.6250162124633789, -0.11198592185974121, -0.1806430071592331
133183.164734875, -0.9591522216796875, -0.009735107421875, -0.283935546875, -0.5961752533912659, -0.1315295249223709, -0.1822909712791443
133183.174798875, -0.957000732421875, -0.0169677734375, -0.26080322265625, -0.576374888420105, -0.13986869156360626, -0.1857629418373108
133183.184861875, -0.9542083740234375, -0.02105712890625, -0.2467498779296875, -0.5766497254371643, -0.13616982102394104, -0.188868448138237
133183.19492487502, -0.9523162841796875, -0.024261474609375, -0.238677978515625, -0.5711876153945923, -0.10928627848625183, -0.19442753493785858
133183.204987875, -0.95233154296875, -0.0316314697265625, -0.239501953125, -0.5563657879829407, -0.07081052660942078, -0.1940445750951767
133183.215051875, -0.952056884765625, -0.0374908447265625, -0.24517822265625, -0.5347222685813904, -0.025600967928767204, -0.1912035197019577
133183.225114875, -0.9427947998046875, -0.044830322265625, -0.253021240234375, -0.5017747282981873, 0.0037862160243093967, -0.1865011751651764
133183.235177875, -0.9315338134765625, -0.04937744140625, -0.25921630859375, -0.46788543462753296, 0.019361447542905807, -0.17615585029125214
133183.245240875, -0.9259796142578125, -0.0563201904296875, -0.259765625, -0.43809187412261963, 0.02708541415631771, -0.16637033224105835
133183.255304875, -0.915374755859375, -0.0588531494140625, -0.2644195556640625, -0.42010194063186646, 0.05179448798298836, -0.15246890485286713
133183.26536787502, -0.914306640625, -0.065704345703125, -0.2743682861328125, -0.41025516390800476, 0.0726126879453659, -0.14382268488407135
133183.27543087502, -0.92083740234375, -0.0748291015625, -0.2766571044921875, -0.4161205291748047, 0.0862741693854332, -0.1413227766752243
133183.285493875, -0.932891845703125, -0.0867462158203125, -0.2817535400390625, -0.43179482221603394, 0.10260573774576187, -0.14480246603488922
133183.295557875, -0.94415283203125, -0.097625732421875, -0.2825469970703125, -0.46318843960762024, 0.11996182054281235, -0.15029948949813843
133183.305620875, -0.9488525390625, -0.103607177734375, -0.285888671875, -0.5117279887199402, 0.1518760770559311, -0.15546655654907227
133183.315683875, -0.943756103515625, -0.110015869140625, -0.2936248779296875, -0.561876118183136, 0.18276076018810272, -0.1514182835817337
133183.325746875, -0.9322662353515625, -0.1114501953125, -0.3003082275390625, -0.6078646779060364, 0.1955210268497467, -0.14926111698150635
133183.335810875, -0.9311981201171875, -0.10968017578125, -0.296966552734375, -0.6648973226547241, 0.16955360770225525, -0.14849306643009186
133183.34587387502, -0.926849365234375, -0.1057281494140625, -0.2892913818359375, -0.7253332138061523, 0.1310427039861679, -0.15081028640270233
133183.355936875, -0.92724609375, -0.110321044921875, -0.2877044677734375, -0.766453206539154, 0.10088533163070679, -0.15417012572288513
133183.365999875, -0.929351806640625, -0.1170501708984375, -0.2878265380859375, -0.7895694375038147, 0.0800359770655632, -0.15115782618522644
133183.376063875, -0.9290924072265625, -0.1227874755859375, -0.29180908203125, -0.8007174730300903, 0.06465542316436768, -0.14979508519172668
133183.386126875, -0.9282073974609375, -0.122894287109375, -0.293060302734375, -0.8074216842651367, 0.04063477739691734, -0.1501314491033554
133183.396189875, -0.9359283447265625, -0.124237060546875, -0.283416748046875, -0.8100398778915405, 0.007838748395442963, -0.14756469428539276
133183.40625287502, -0.9497528076171875, -0.12957763671875, -0.269378662109375, -0.8014868497848511, -0.014217551797628403, -0.1466648131608963
133183.416316875, -0.9676055908203125, -0.1320037841796875, -0.263336181640625, -0.7997291684150696, -0.017365939915180206, -0.1492432802915573
133183.42637987502, -0.9746246337890625, -0.13006591796875, -0.251983642578125, -0.8081556558609009, -0.009051285684108734, -0.1571989357471466
133183.436442875, -0.9727325439453125, -0.1285858154296875, -0.24560546875, -0.8187153935432434, 0.005337507463991642, -0.15761172771453857
133183.446505875, -0.968475341796875, -0.127227783203125, -0.242034912109375, -0.8080446124076843, 0.007367368787527084, -0.1553102284669876
133183.456569875, -0.9735870361328125, -0.131378173828125, -0.2378387451171875, -0.790962278842926, 0.007259244564920664, -0.15227022767066956
133183.466632875, -0.97796630859375, -0.130157470703125, -0.23968505859375, -0.7716807723045349, 0.010672884061932564, -0.15119484066963196
133183.476695875, -0.972747802734375, -0.125946044921875, -0.240203857421875, -0.7637735605239868, 0.012838033959269524, -0.1465281844139099
133183.48675887502, -0.9663543701171875, -0.1249847412109375, -0.2401885986328125, -0.7655690312385559, 0.013607155531644821, -0.143570214509964
133183.49682287502, -0.9630279541015625, -0.1241607666015625, -0.2459564208984375, -0.77003014087677, 0.012566924095153809, -0.14352521300315857
133183.50688587502, -0.959075927734375, -0.1216888427734375, -0.2587127685546875, -0.7800633311271667, 0.012888368219137192, -0.13722310960292816
133183.516948875, -0.9528045654296875, -0.11541748046875, -0.27154541015625, -0.7924728393554688, 0.02160356193780899, -0.13091513514518738
133183.527011875, -0.955474853515625, -0.1088409423828125, -0.283966064453125, -0.8126593232154846, 0.006847253534942865, -0.13472692668437958
133183.537075875, -0.9536590576171875, -0.10064697265625, -0.2901153564453125, -0.8306388854980469, -0.017607755959033966, -0.13764281570911407
133183.547138875, -0.9442291259765625, -0.0971221923828125, -0.30169677734375, -0.8486053347587585, -0.04676004871726036, -0.14449965953826904
133183.557201875, -0.9449005126953125, -0.0941314697265625, -0.302520751953125, -0.8653614521026611, -0.09071871638298035, -0.15888819098472595
133183.56726487502, -0.9462127685546875, -0.092803955078125, -0.3021392822265625, -0.886231541633606, -0.13506540656089783, -0.17484743893146515
133183.57732887502, -0.949432373046875, -0.0875701904296875, -0.303558349609375, -0.8992080688476562, -0.16457350552082062, -0.19517002999782562
133183.58739187501, -0.95550537109375, -0.0877685546875, -0.3134918212890625, -0.9038822054862976, -0.17513346672058105, -0.21242837607860565
133183.597454875, -0.9556884765625, -0.0860595703125, -0.318450927734375, -0.8985859751701355, -0.17712923884391785, -0.22918418049812317
133183.607517875, -0.95318603515625, -0.0850677490234375, -0.316375732421875, -0.8887866139411926, -0.18173997104167938, -0.23986558616161346
133183.617581875, -0.95599365234375, -0.0922698974609375, -0.3076019287109375, -0.8736934065818787, -0.20575448870658875, -0.2474912852048874
133183.627644875, -0.9609832763671875, -0.09637451171875, -0.3001251220703125, -0.856788694858551, -0.23107795417308807, -0.25448742508888245
133183.637707875, -0.9676666259765625, -0.0965423583984375, -0.30218505859375, -0.8402861952781677, -0.243615061044693, -0.2613876461982727
133183.647771875, -0.9736328125, -0.0936279296875, -0.303802490234375, -0.8337571620941162, -0.23835957050323486, -0.2642204761505127
133183.65783487502, -0.9766387939453125, -0.0950469970703125, -0.3026580810546875, -0.8330727219581604, -0.2369544953107834, -0.27137425541877747
133183.667897875, -0.9731903076171875, -0.0955352783203125, -0.2992095947265625, -0.8444750308990479, -0.22395800054073334, -0.2795261740684509
133183.677960875, -0.97027587890625, -0.093902587890625, -0.3032684326171875, -0.8598569631576538, -0.20049820840358734, -0.28646665811538696
133183.688024875, -0.965057373046875, -0.0888671875, -0.30157470703125, -0.88068687915802, -0.17320667207241058, -0.2769213616847992
133183.698087875, -0.9641571044921875, -0.0816802978515625, -0.3089141845703125, -0.8883056044578552, -0.14416809380054474, -0.2660638988018036
133183.708150875, -0.9669952392578125, -0.0699615478515625, -0.32916259765625, -0.88480544090271, -0.12539254128932953, -0.2556259036064148
133183.71821387502, -0.9797821044921875, -0.0528717041015625, -0.341644287109375, -0.8717681765556335, -0.12862135469913483, -0.25367221236228943
133183.728277875, -0.99664306640625, -0.040618896484375, -0.3404541015625, -0.8633062839508057, -0.17533640563488007, -0.26005154848098755
133183.73834087502, -1.0129241943359375, -0.0327301025390625, -0.3095703125, -0.8747280240058899, -0.23509374260902405, -0.26665058732032776
133183.748403875, -1.0225982666015625, -0.0319671630859375, -0.2608795166015625, -0.903186559677124, -0.2864530682563782, -0.2527481019496918
133183.758467875, -1.0311737060546875, -0.0384368896484375, -0.2134552001953125, -0.9518294930458069, -0.3064587414264679, -0.21308724582195282
133183.768530875, -1.018035888671875, -0.0433197021484375, -0.1815338134765625, -0.9913102984428406, -0.2849438488483429, -0.1503373086452484
133183.778593875, -1.00933837890625, -0.0540618896484375, -0.166290283203125, -0.9942797422409058, -0.21898481249809265, -0.08228741586208344
133183.788657375, -1.02471923828125, -0.07293701171875, -0.1673431396484375, -0.9792813658714294, -0.14418034255504608, -0.029466545209288597
133183.798721375, -1.053253173828125, -0.0915374755859375, -0.1531982421875, -0.9734503626823425, -0.06036107987165451, -0.010991930961608887
133183.808784375, -1.0827484130859375, -0.10577392578125, -0.14752197265625, -0.9770410656929016, 0.030548853799700737, -0.01919393427670002
133183.81884737502, -1.0831451416015625, -0.1099853515625, -0.14752197265625, -1.0030348300933838, 0.0919746607542038, -0.03513668105006218
133183.82891137502, -1.0572509765625, -0.11370849609375, -0.146575927734375, -1.052329421043396, 0.13659459352493286, -0.04841919615864754
133183.83897437502, -1.0303955078125, -0.103485107421875, -0.15582275390625, -1.0972998142242432, 0.1590905785560608, -0.051901545375585556
133183.849037375, -1.002593994140625, -0.0852508544921875, -0.1663818359375, -1.1373103857040405, 0.14325782656669617, -0.05859566852450371
133183.859100375, -0.9899139404296875, -0.0576324462890625, -0.1664276123046875, -1.1653263568878174, 0.07014419883489609, -0.07358767092227936
133183.869164375, -0.99560546875, -0.03082275390625, -0.1699371337890625, -1.179269552230835, -0.02516127936542034, -0.09363940358161926
133183.879227375, -0.9926605224609375, 0.0010528564453125, -0.1797027587890625, -1.1910306215286255, -0.0989510789513588, -0.09917425364255905
133183.889290375, -0.959075927734375, 0.0318603515625, -0.19061279296875, -1.2006901502609253, -0.11360964924097061, -0.0713396966457367
133183.899354375, -0.9345245361328125, 0.0574188232421875, -0.2070465087890625, -1.191965937614441, -0.07388461381196976, -0.02805081009864807
133183.90941737502, -0.9323272705078125, 0.07354736328125, -0.230682373046875, -1.155743956565857, -0.013398096896708012, 0.01281885989010334
133183.919480375, -0.9314422607421875, 0.0836181640625, -0.2549896240234375, -1.0952489376068115, 0.024625718593597412, 0.04605431109666824
133183.929543375, -0.9266510009765625, 0.0869293212890625, -0.270538330078125, -1.0257644653320312, 0.048593636602163315, 0.06717477738857269
133183.939607375, -0.9204254150390625, 0.083770751953125, -0.2757110595703125, -0.9652954936027527, 0.04550196975469589, 0.08272098004817963
133183.949670375, -0.919769287109375, 0.0821685791015625, -0.269805908203125, -0.9148600101470947, 0.01938008889555931, 0.08139605820178986
133183.959733375, -0.9310302734375, 0.075592041015625, -0.25616455078125, -0.8851561546325684, -0.013763216324150562, 0.06356778740882874
133183.969797375, -0.94189453125, 0.0720672607421875, -0.2378387451171875, -0.8676791787147522, -0.040039561688899994, 0.03881477192044258
133183.979860375, -0.951019287109375, 0.06854248046875, -0.2191009521484375, -0.8511843681335449, -0.06697078049182892, 0.005026982631534338
133183.98992337502, -0.95623779296875, 0.0683135986328125, -0.210174560546875, -0.8294979929924011, -0.06755827367305756, -0.032405875623226166
133183.999986375, -0.9596405029296875, 0.06805419921875, -0.2103729248046875, -0.7959170937538147, -0.06584745645523071, -0.061345383524894714
133184.010050375, -0.956298828125, 0.0713043212890625, -0.2124481201171875, -0.753668487071991, -0.06935856491327286, -0.08897648006677628
133184.020113375, -0.954681396484375, 0.0804901123046875, -0.214111328125, -0.714147686958313, -0.07369818538427353, -0.1091773509979248
133184.030176375, -0.9503936767578125, 0.0938873291015625, -0.2095489501953125, -0.6782869100570679, -0.09408362209796906, -0.12258370965719223
133184.040240375, -0.9488983154296875, 0.1028900146484375, -0.202545166015625, -0.6471254825592041, -0.12316161394119263, -0.13229438662528992
133184.050303375, -0.9519195556640625, 0.1054229736328125, -0.1841583251953125, -0.6172517538070679, -0.1375967413187027, -0.12900379300117493
133184.06036637502, -0.9481658935546875, 0.10906982421875, -0.16558837890625, -0.6041215658187866, -0.16135640442371368, -0.12501703202724457
133184.070430375, -0.9427642822265625, 0.108428955078125, -0.13751220703125, -0.6074185967445374, -0.18829374015331268, -0.11890774220228195
133184.08049337502, -0.94256591796875, 0.107879638671875, -0.12353515625, -0.612973153591156, -0.18732860684394836, -0.10643669217824936
133184.090556375, -0.9369964599609375, 0.1082763671875, -0.119842529296875, -0.6220563650131226, -0.1698569506406784, -0.09062257409095764
133184.100619375, -0.9323883056640625, 0.10443115234375, -0.1175994873046875, -0.6129550337791443, -0.1645042598247528, -0.06596090644598007
133184.110683375, -0.9307861328125, 0.0981292724609375, -0.11297607421875, -0.5910385251045227, -0.16630083322525024, -0.03966698423027992
133184.120746375, -0.9400787353515625, 0.0951385498046875, -0.1071624755859375, -0.5612190961837769, -0.16404752433300018, -0.01703624054789543
133184.130809375, -0.9500732421875, 0.0926513671875, -0.1045989990234375, -0.5317690968513489, -0.14372281730175018, 0.0031433289404958487
133184.140873375, -0.954132080078125, 0.087615966796875, -0.101776123046875, -0.49923670291900635, -0.09927332401275635, 0.018995529040694237
133184.150936375, -0.9493865966796875, 0.088531494140625, -0.09515380859375, -0.48382633924484253, -0.04933692142367363, 0.02882658876478672
133184.16099937502, -0.9498748779296875, 0.084014892578125, -0.078033447265625, -0.48738670349121094, -0.01841762289404869, 0.03333159163594246
133184.17106337502, -0.9527587890625, 0.0876007080078125, -0.055023193359375, -0.500909686088562, -0.020299945026636124, 0.03185513615608215
133184.181126375, -0.960205078125, 0.0885467529296875, -0.034942626953125, -0.5183294415473938, -0.024119185283780098, 0.02508910745382309
133184.191189375, -0.9694061279296875, 0.084503173828125, -0.0335540771484375, -0.5237987637519836, -0.009698167443275452, 0.013935523107647896
133184.201253375, -0.9775390625, 0.0831298828125, -0.0349273681640625, -0.5272893905639648, 0.018092717975378036, -0.00046072687837295234
133184.211316375, -0.9665679931640625, 0.0882720947265625, -0.032501220703125, -0.543873131275177, 0.035836827009916306, -0.01643037237226963
133184.221379375, -0.95281982421875, 0.095855712890625, -0.0474090576171875, -0.5511465072631836, 0.049070075154304504, -0.027273965999484062
133184.231443375, -0.946258544921875, 0.098175048828125, -0.064178466796875, -0.5407348871231079, 0.050099387764930725, -0.04542260989546776
133184.241506375, -0.94244384765625, 0.0980377197265625, -0.072418212890625, -0.5348231792449951, 0.04068058356642723, -0.06089850515127182
133184.25156937502, -0.9478759765625, 0.0974578857421875, -0.0626068115234375, -0.5474591255187988, 0.016584036871790886, -0.07482577115297318
133184.261632375, -0.9626617431640625, 0.1007537841796875, -0.045562744140625, -0.5656501054763794, -0.0179305300116539, -0.10015696287155151
133184.271696375, -0.9762420654296875, 0.1009979248046875, -0.04046630859375, -0.58577561378479, -0.04692063853144646, -0.12334830313920975
133184.281759375, -0.9761505126953125, 0.110809326171875, -0.0433349609375, -0.6073794364929199, -0.05788274109363556, -0.13657967746257782
133184.291822375, -0.97210693359375, 0.119415283203125, -0.06829833984375, -0.6110079884529114, -0.04551049321889877, -0.14756202697753906
133184.301886375, -0.9692535400390625, 0.124298095703125, -0.0922088623046875, -0.5994210839271545, -0.059304334223270416, -0.15672463178634644
133184.311949375, -0.9697723388671875, 0.12469482421875, -0.1017303466796875, -0.578844428062439, -0.08698683232069016, -0.16709551215171814
133184.32201237502, -0.9789581298828125, 0.1220703125, -0.11322021484375, -0.54738450050354, -0.11115341633558273, -0.17111662030220032
133184.332076375, -0.9852752685546875, 0.124969482421875, -0.119354248046875, -0.5218117833137512, -0.12381808459758759, -0.17330707609653473
133184.34213937502, -1.0003662109375, 0.120452880859375, -0.1194000244140625, -0.49696823954582214, -0.13370932638645172, -0.17581257224082947
133184.352202375, -1.0202178955078125, 0.115875244140625, -0.113494873046875, -0.46965911984443665, -0.15692304074764252, -0.1793905347585678
133184.362266375, -1.0272674560546875, 0.1134796142578125, -0.1111602783203125, -0.4457700252532959, -0.18401643633842468, -0.18508011102676392
133184.372329375, -1.026214599609375, 0.1132049560546875, -0.117950439453125, -0.4229925274848938, -0.19254069030284882, -0.17984938621520996
133184.382392375, -1.0207977294921875, 0.1154632568359375, -0.125396728515625, -0.40204811096191406, -0.18454134464263916, -0.17298083007335663
133184.392456375, -1.022216796875, 0.1097259521484375, -0.123260498046875, -0.37556084990501404, -0.18715018033981323, -0.16147863864898682
133184.402519375, -1.0199737548828125, 0.1045989990234375, -0.1093902587890625, -0.3571581244468689, -0.19363072514533997, -0.15522687137126923
133184.41258237502, -1.01837158203125, 0.09613037109375, -0.1011505126953125, -0.33844223618507385, -0.2168971598148346, -0.1481788158416748
133184.422646375, -1.0203857421875, 0.0850677490234375, -0.0929412841796875, -0.32035350799560547, -0.27520760893821716, -0.1513272076845169
133184.43270937502, -1.0308837890625, 0.0718231201171875, -0.0785675048828125, -0.3011060357093811, -0.33179816603660583, -0.15739335119724274
133184.442772375, -1.0506134033203125, 0.0563812255859375, -0.084869384765625, -0.2682602107524872, -0.3500480353832245, -0.170732319355011
133184.452836375, -1.0623931884765625, 0.0485992431640625, -0.1026611328125, -0.23938143253326416, -0.3313390612602234, -0.17824722826480865
133184.462899375, -1.05426025390625, 0.046051025390625, -0.1107635498046875, -0.2120496779680252, -0.2903551161289215, -0.18793874979019165
133184.472962375, -1.0510101318359375, 0.0391845703125, -0.12335205078125, -0.17675799131393433, -0.2409321814775467, -0.19297797977924347
133184.483026375, -1.054351806640625, 0.0299835205078125, -0.1241607666015625, -0.12596485018730164, -0.22150975465774536, -0.2050522118806839
133184.493089375, -1.0577392578125, 0.0182952880859375, -0.1102752685546875, -0.08635113388299942, -0.22982467710971832, -0.2131042778491974
133184.50315237502, -1.064605712890625, 0.0191802978515625, -0.091644287109375, -0.06873884797096252, -0.24250878393650055, -0.21813659369945526
133184.513216375, -1.0716094970703125, 0.0240936279296875, -0.064666748046875, -0.07770545035600662, -0.2664170265197754, -0.22393056750297546
133184.52327937502, -1.072662353515625, 0.02496337890625, -0.045379638671875, -0.0871729850769043, -0.28554174304008484, -0.22846433520317078
133184.533342375, -1.0852203369140625, 0.0189361572265625, -0.042724609375, -0.0862821564078331, -0.2860128581523895, -0.2433444857597351
133184.543406375, -1.0928802490234375, 0.0153961181640625, -0.0496978759765625, -0.07387448847293854, -0.26137062907218933, -0.2519097328186035
133184.553469375, -1.0897979736328125, 0.021759033203125, -0.061004638671875, -0.05775943771004677, -0.2179618924856186, -0.2614198923110962
133184.563532375, -1.089324951171875, 0.024566650390625, -0.0788116455078125, -0.033067140728235245, -0.1409347504377365, -0.2737303376197815
133184.573596375, -1.0937347412109375, 0.019317626953125, -0.1023101806640625, 4.1278995922766626e-05, -0.05248531326651573, -0.28888505697250366
133184.583659375, -1.0868072509765625, 0.015380859375, -0.108917236328125, 0.016945427283644676, 0.009224124252796173, -0.30713170766830444
133184.59372237502, -1.077972412109375, 0.004852294921875, -0.1068878173828125, 0.02016359195113182, 0.04992814362049103, -0.33525949716567993
133184.603786375, -1.0699310302734375, -0.0074615478515625, -0.111419677734375, 0.014071344397962093, 0.09019859880208969, -0.3625193238258362
133184.61384937502, -1.061309814453125, -0.00567626953125, -0.1212158203125, 0.002151301596313715, 0.1415472775697708, -0.3894316554069519
133184.62391337502, -1.0414886474609375, 0.0037994384765625, -0.13031005859375, -0.03297419473528862, 0.18170322477817535, -0.41066768765449524
133184.63397637501, -1.017242431640625, 0.0165557861328125, -0.1307220458984375, -0.09069528430700302, 0.19017073512077332, -0.4218399226665497
133184.644039375, -0.988494873046875, 0.02685546875, -0.1247100830078125, -0.14865605533123016, 0.1687682420015335, -0.42159783840179443
133184.654103375, -0.96832275390625, 0.0253143310546875, -0.123077392578125, -0.196658194065094, 0.1174885481595993, -0.4172329306602478
133184.664166375, -0.9475860595703125, 0.018585205078125, -0.12115478515625, -0.2405066192150116, 0.04393230378627777, -0.39791247248649597
133184.674229375, -0.9188690185546875, 0.0196990966796875, -0.1141815185546875, -0.2917628884315491, -0.05299930274486542, -0.36693859100341797
133184.684293375, -0.8939971923828125, 0.0212554931640625, -0.1161956787109375, -0.34192323684692383, -0.1292775571346283, -0.3222787082195282
133184.694356375, -0.880096435546875, 0.0251617431640625, -0.14208984375, -0.3869173526763916, -0.16088688373565674, -0.2712501585483551
133184.70441937502, -0.875396728515625, 0.0260162353515625, -0.1687774658203125, -0.4128006100654602, -0.17230544984340668, -0.22275663912296295
133184.71448337502, -0.8614654541015625, 0.0202484130859375, -0.1843414306640625, -0.422004759311676, -0.18915501236915588, -0.17190544307231903
133184.72454637502, -0.8588409423828125, 0.0092620849609375, -0.1912841796875, -0.41079527139663696, -0.19905850291252136, -0.12921205163002014
133184.734609375, -0.87091064453125, -0.0063018798828125, -0.1918792724609375, -0.3885203003883362, -0.19822973012924194, -0.09055333584547043
133184.744673375, -0.8819427490234375, -0.0203399658203125, -0.18109130859375, -0.36288657784461975, -0.18780025839805603, -0.05798820033669472
133184.754736375, -0.8911590576171875, -0.03533935546875, -0.1673126220703125, -0.34389185905456543, -0.16741935908794403, -0.031208252534270287
133184.764800375, -0.897430419921875, -0.050079345703125, -0.153778076171875, -0.33491408824920654, -0.13790246844291687, -0.010408698581159115
133184.774863375, -0.9125518798828125, -0.0564727783203125, -0.14788818359375, -0.3328205645084381, -0.1083560362458229, 0.00017124126316048205
133184.78492629167, -0.931915283203125, -0.063018798828125, -0.138946533203125, -0.3484245538711548, -0.10261745750904083, 0.002283926820382476
133184.79499029167, -0.952056884765625, -0.066650390625, -0.1254730224609375, -0.38256627321243286, -0.07956167310476303, 0.004026433452963829
133184.80505329167, -0.973388671875, -0.0743560791015625, -0.1221160888671875, -0.42275792360305786, -0.057980213314294815, 0.005018993280827999
133184.81511629166, -0.9783935546875, -0.0709381103515625, -0.123046875, -0.47938257455825806, -0.04506148397922516, 0.007724498864263296
133184.82518029166, -0.968780517578125, -0.0711669921875, -0.135498046875, -0.5410539507865906, -0.029463350772857666, 0.019883958622813225
133184.8352432917, -0.9687347412109375, -0.063995361328125, -0.159637451171875, -0.6022341847419739, 0.018220549449324608, 0.02117106504738331
133184.84530629168, -0.9738922119140625, -0.0513763427734375, -0.1797027587890625, -0.6684907078742981, 0.052855756133794785, 0.023396935313940048
133184.85537029168, -0.966888427734375, -0.0449066162109375, -0.185211181640625, -0.7278856039047241, 0.07100892812013626, 0.02942207083106041
133184.86543329168, -0.9583587646484375, -0.039306640625, -0.190460205078125, -0.775787889957428, 0.07071704417467117, 0.022815832868218422
133184.87549729168, -0.9516143798828125, -0.036285400390625, -0.1941070556640625, -0.8118119239807129, 0.05463022366166115, 0.017287643626332283
133184.88556029167, -0.95184326171875, -0.041229248046875, -0.1822052001953125, -0.8343137502670288, 0.046299852430820465, 0.015663914382457733
133184.89562329167, -0.94805908203125, -0.04443359375, -0.1681060791015625, -0.8482940196990967, 0.048888977617025375, 0.0162466149777174
133184.90568729167, -0.9433135986328125, -0.0516204833984375, -0.1581878662109375, -0.8577002882957458, 0.04499011114239693, 0.011949337087571621
133184.91575029166, -0.95062255859375, -0.0619354248046875, -0.14630126953125, -0.8646231889724731, 0.03633270785212517, -0.0030482541769742966
133184.9258132917, -0.9661712646484375, -0.074310302734375, -0.1405029296875, -0.8587376475334167, 0.03544614091515541, -0.016535300761461258
133184.93587729166, -0.970916748046875, -0.080780029296875, -0.1350555419921875, -0.8534022569656372, 0.033603232353925705, -0.02586675062775612
133184.94594029168, -0.9729461669921875, -0.08343505859375, -0.135162353515625, -0.8480178713798523, 0.057925883680582047, -0.03761448711156845
133184.9560042917, -0.9731292724609375, -0.0830078125, -0.14056396484375, -0.8426132202148438, 0.07604203373193741, -0.048598695546388626
133184.96606729168, -0.967559814453125, -0.080596923828125, -0.1368408203125, -0.847965657711029, 0.08822599798440933, -0.06132088229060173
133184.97613029167, -0.9687347412109375, -0.0810699462890625, -0.131378173828125, -0.8613158464431763, 0.08396334201097488, -0.0714062750339508
133184.98619429168, -0.9661102294921875, -0.0812835693359375, -0.123382568359375, -0.8771712183952332, 0.05923030152916908, -0.07512777298688889
133184.99625729167, -0.9625396728515625, -0.0789947509765625, -0.121124267578125, -0.8902255296707153, 0.02478204481303692, -0.07627852261066437
133185.00632029166, -0.96392822265625, -0.0818023681640625, -0.12689208984375, -0.8933435082435608, 0.004909005016088486, -0.07101958245038986
133185.01638429167, -0.9608612060546875, -0.082672119140625, -0.1448211669921875, -0.8942074775695801, 0.0160018689930439, -0.06296378374099731
133185.02644729166, -0.9570465087890625, -0.0838623046875, -0.16497802734375, -0.8913530707359314, 0.03639795631170273, -0.05126771330833435
133185.03651129166, -0.956451416015625, -0.0882720947265625, -0.1837158203125, -0.8798772692680359, 0.05245069041848183, -0.04826127365231514
133185.0465742917, -0.9581451416015625, -0.0990753173828125, -0.196563720703125, -0.8625563383102417, 0.050279680639505386, -0.049683667719364166
133185.05663729168, -0.9609832763671875, -0.1078338623046875, -0.199066162109375, -0.8465094566345215, 0.05149514973163605, -0.04971269518136978
133185.06670129168, -0.9613189697265625, -0.1112060546875, -0.2023468017578125, -0.8370738625526428, 0.07455279678106308, -0.05133269727230072
133185.07676429168, -0.9579620361328125, -0.1107025146484375, -0.200286865234375, -0.8433656096458435, 0.07515466958284378, -0.05576952174305916
133185.08682829168, -0.9547576904296875, -0.1103363037109375, -0.1898040771484375, -0.8505476117134094, 0.04361139237880707, -0.05963297188282013
133185.09689129167, -0.95733642578125, -0.1165924072265625, -0.175689697265625, -0.8572795391082764, 0.00478410255163908, -0.0613672211766243
133185.10695429167, -0.96185302734375, -0.1211395263671875, -0.16485595703125, -0.8747144341468811, -0.0157129168510437, -0.05631333962082863
133185.11701829167, -0.9674530029296875, -0.1234130859375, -0.153472900390625, -0.9014989137649536, -0.0443301796913147, -0.04947833716869354
133185.12708129166, -0.977752685546875, -0.1238555908203125, -0.147308349609375, -0.9268754124641418, -0.0838693305850029, -0.0502471923828125
133185.1371442917, -0.9897613525390625, -0.1235504150390625, -0.1519012451171875, -0.9445513486862183, -0.1338219791650772, -0.05866491049528122
133185.1472082917, -0.9885101318359375, -0.113861083984375, -0.1548614501953125, -0.9781140685081482, -0.1601121723651886, -0.06586876511573792
133185.15727129168, -0.9790802001953125, -0.10870361328125, -0.16778564453125, -1.0020380020141602, -0.16490159928798676, -0.06179625540971756
133185.16733529168, -0.970062255859375, -0.102325439453125, -0.1824951171875, -1.0283352136611938, -0.15453417599201202, -0.060803961008787155
133185.17739829168, -0.970703125, -0.102142333984375, -0.195068359375, -1.0360487699508667, -0.1445811539888382, -0.06270785629749298
133185.18746129167, -0.97723388671875, -0.10699462890625, -0.2070159912109375, -1.0285793542861938, -0.13789688050746918, -0.06966695934534073
133185.19752529167, -0.9910125732421875, -0.1114044189453125, -0.215240478515625, -1.0067918300628662, -0.1447899490594864, -0.08116462826728821
133185.20758829167, -0.9969482421875, -0.113494873046875, -0.2090301513671875, -0.9940922260284424, -0.1628488302230835, -0.09452437609434128
133185.21765229167, -0.9967193603515625, -0.110992431640625, -0.201019287109375, -0.9952278137207031, -0.1665029674768448, -0.09914495795965195
133185.22771529166, -0.9953460693359375, -0.1051025390625, -0.2017822265625, -0.9997663497924805, -0.1528121829032898, -0.1010184958577156
133185.2377782917, -0.988616943359375, -0.094635009765625, -0.1978302001953125, -1.011436104774475, -0.15226490795612335, -0.09506046772003174
133185.24784229166, -0.98828125, -0.08740234375, -0.194732666015625, -1.0280531644821167, -0.17466288805007935, -0.09281249344348907
133185.25790529168, -1.0030059814453125, -0.07952880859375, -0.1968536376953125, -1.038940668106079, -0.206595778465271, -0.10051462054252625
133185.2679692917, -1.01104736328125, -0.0673370361328125, -0.20892333984375, -1.0282092094421387, -0.23335044085979462, -0.10870570689439774
133185.27803229168, -1.009613037109375, -0.057769775390625, -0.23419189453125, -0.9946981072425842, -0.24034443497657776, -0.11190442740917206
133185.28809529167, -1.0113067626953125, -0.0436248779296875, -0.252716064453125, -0.9496361017227173, -0.2293655425310135, -0.11667095869779587
133185.29815929168, -1.0211639404296875, -0.04193115234375, -0.2610015869140625, -0.8796000480651855, -0.1915353387594223, -0.12246280163526535
133185.30822229167, -1.0293426513671875, -0.0452880859375, -0.260101318359375, -0.804189145565033, -0.1141715794801712, -0.12470997124910355
133185.31828629167, -1.0361175537109375, -0.0539093017578125, -0.2468414306640625, -0.7375875115394592, -0.029578132554888725, -0.12663011252880096
133185.32834929167, -1.0399932861328125, -0.063232421875, -0.21832275390625, -0.6987037658691406, 0.04103904590010643, -0.13490135967731476
133185.33841329167, -1.0457763671875, -0.0750885009765625, -0.1907806396484375, -0.6709256172180176, 0.0795973539352417, -0.1587774008512497
133185.34847629166, -1.0506591796875, -0.0871429443359375, -0.154266357421875, -0.6688379645347595, 0.05607019364833832, -0.18269258737564087
133185.3585392917, -1.0509185791015625, -0.0972137451171875, -0.120391845703125, -0.6838443875312805, 0.006214220076799393, -0.20440800487995148
133185.3686032917, -1.048248291015625, -0.0991668701171875, -0.0977325439453125, -0.7274477481842041, -0.05776103585958481, -0.21564041078090668
133185.37866629168, -1.034759521484375, -0.0851593017578125, -0.069915771484375, -0.7923937439918518, -0.12394804507493973, -0.2076306939125061
133185.38873029168, -1.025146484375, -0.0571746826171875, -0.0511016845703125, -0.8650969862937927, -0.16811603307724, -0.19008710980415344
133185.39879329168, -1.0259246826171875, -0.0318450927734375, -0.030181884765625, -0.9572439789772034, -0.18884848058223724, -0.1599358767271042
133185.40885629167, -1.0224151611328125, -0.003448486328125, -0.003082275390625, -1.067712426185608, -0.17244580388069153, -0.1177079901099205
133185.41892029168, -1.02197265625, 0.0189056396484375, 0.0129852294921875, -1.1590197086334229, -0.12838752567768097, -0.0731320008635521
133185.42898329167, -1.0183258056640625, 0.036376953125, 0.0159759521484375, -1.218639612197876, -0.07209443300962448, -0.032285500317811966
133185.43904729167, -1.0080718994140625, 0.0481414794921875, 0.0122833251953125, -1.2437231540679932, -0.02917865850031376, 0.006855242885649204
133185.44911029167, -0.9979400634765625, 0.0576629638671875, 0.0019378662109375, -1.241214632987976, -0.005755091086030006, 0.03454998880624771
133185.45917429167, -0.9850006103515625, 0.0655670166015625, -0.0205841064453125, -1.2163962125778198, 0.011583419516682625, 0.056656621396541595
133185.46923729166, -0.9720306396484375, 0.0685272216796875, -0.0461273193359375, -1.1789084672927856, 0.0309845469892025, 0.07148616760969162
133185.47930029168, -0.96270751953125, 0.072967529296875, -0.06707763671875, -1.123544454574585, 0.06808637827634811, 0.0832647979259491
133185.4893642917, -0.9545745849609375, 0.075347900390625, -0.0943603515625, -1.0574991703033447, 0.12998409569263458, 0.09014827013015747
133185.49942729168, -0.95086669921875, 0.07501220703125, -0.1089630126953125, -0.988216757774353, 0.1969122588634491, 0.08708137273788452
133185.50949129168, -0.947723388671875, 0.0791168212890625, -0.1078948974609375, -0.9331362247467041, 0.22206689417362213, 0.07473708689212799
133185.51955429168, -0.95556640625, 0.0809783935546875, -0.0919952392578125, -0.8956442475318909, 0.19335028529167175, 0.0409221313893795
133185.52961829168, -0.9644927978515625, 0.0830230712890625, -0.0757904052734375, -0.8775744438171387, 0.13488350808620453, 0.010114419274032116
133185.53968129167, -0.9656524658203125, 0.0908050537109375, -0.0670623779296875, -0.8669366836547852, 0.06946216523647308, -0.016453541815280914
133185.54974429167, -0.9629058837890625, 0.102996826171875, -0.069549560546875, -0.8656490445137024, 0.00863237027078867, -0.04187794029712677
133185.55980829167, -0.9556732177734375, 0.117919921875, -0.0699615478515625, -0.8691489696502686, -0.03193023428320885, -0.0540216900408268
133185.56987129166, -0.954498291015625, 0.133880615234375, -0.084808349609375, -0.8708509802818298, -0.021347898989915848, -0.054849132895469666
133185.57993529167, -0.9603271484375, 0.143157958984375, -0.09906005859375, -0.8537766933441162, 0.020681843161582947, -0.04879257455468178
133185.5899982917, -0.963653564453125, 0.1497802734375, -0.10418701171875, -0.8201260566711426, 0.06497633457183838, -0.043659064918756485
133185.60006229166, -0.9675445556640625, 0.152008056640625, -0.1015625, -0.7871020436286926, 0.10169946402311325, -0.031028755009174347
133185.61012529169, -0.9724884033203125, 0.1549530029296875, -0.093597412109375, -0.7609111666679382, 0.12255094945430756, -0.017616543918848038
133185.62018829168, -0.972381591796875, 0.16375732421875, -0.0798492431640625, -0.7496891617774963, 0.14390310645103455, -0.005635248962789774
133185.63025229168, -0.9705810546875, 0.1653594970703125, -0.074615478515625, -0.7392812371253967, 0.17107588052749634, 0.010309096425771713
133185.64031529168, -0.97589111328125, 0.1586151123046875, -0.0617218017578125, -0.7379710078239441, 0.16556791961193085, 0.02123711071908474
133185.65037929168, -0.9840087890625, 0.14923095703125, -0.0448760986328125, -0.7500298023223877, 0.12281167507171631, 0.018428275361657143
133185.66044229167, -0.998046875, 0.142364501953125, -0.039520263671875, -0.7582597732543945, 0.06803551316261292, 0.009700298309326172
133185.67050629167, -0.99957275390625, 0.143310546875, -0.04779052734375, -0.7552618384361267, 0.034743864089250565, 0.005147890187799931
133185.68056929167, -0.9902801513671875, 0.1451873779296875, -0.0661773681640625, -0.7240306735038757, 0.029497439041733742, 0.0031886028591543436
133185.69063229166, -0.9794921875, 0.1451873779296875, -0.080841064453125, -0.6870231032371521, 0.035828303545713425, -0.0038810246624052525
133185.70069629166, -0.978729248046875, 0.1416015625, -0.0747528076171875, -0.6455984711647034, 0.036673858761787415, 0.0015475628897547722
133185.7107592917, -0.9727783203125, 0.1279449462890625, -0.0647125244140625, -0.597292959690094, 0.03051849454641342, 0.005882390309125185
133185.7208232917, -0.9785003662109375, 0.1144256591796875, -0.0542144775390625, -0.5554432272911072, 0.04439276456832886, -0.007585748098790646
133185.73088629168, -0.9935760498046875, 0.104644775390625, -0.0396575927734375, -0.5211145877838135, 0.033610690385103226, -0.031003190204501152
133185.74095029169, -1.0029754638671875, 0.092529296875, -0.01800537109375, -0.5201544761657715, 0.0014026869321241975, -0.05156838521361351
133185.75101329168, -0.99322509765625, 0.084808349609375, -0.007354736328125, -0.5404693484306335, -0.025499500334262848, -0.06993833929300308
133185.76107729168, -0.9781494140625, 0.0790557861328125, -0.0132598876953125, -0.5627938508987427, -0.06757105141878128, -0.08920524269342422
133185.77114029168, -0.9710540771484375, 0.0768280029296875, -0.004974365234375, -0.5956671237945557, -0.11695405095815659, -0.105472631752491
133185.78120329167, -0.96148681640625, 0.0723419189453125, -0.006988525390625, -0.6390912532806396, -0.12237811088562012, -0.1185452863574028
133185.79126716667, -0.9675750732421875, 0.067840576171875, -0.0161285400390625, -0.6801257729530334, -0.10844391584396362, -0.1427891105413437
133185.80133016667, -0.9674530029296875, 0.0709686279296875, -0.0073394775390625, -0.7313876748085022, -0.131446972489357, -0.15982109308242798
133185.81139416667, -0.9615325927734375, 0.0679779052734375, 0.0099639892578125, -0.7965882420539856, -0.14897483587265015, -0.17157414555549622
133185.82145716666, -0.96240234375, 0.064056396484375, 0.016937255859375, -0.8487779498100281, -0.16712267696857452, -0.18967007100582123
133185.83152116666, -0.972747802734375, 0.0626373291015625, 0.0198211669921875, -0.882104754447937, -0.18685589730739594, -0.20306789875030518
133185.8415841667, -0.975494384765625, 0.066253662109375, 0.0203704833984375, -0.9102604389190674, -0.1974606066942215, -0.21119293570518494
133185.8516481667, -0.9850921630859375, 0.0677490234375, 0.0211944580078125, -0.9325628280639648, -0.21288563311100006, -0.21802261471748352
133185.86171116668, -0.9896240234375, 0.065460205078125, 0.0204010009765625, -0.9396886825561523, -0.22427944839000702, -0.21322280168533325
133185.87177516668, -0.992156982421875, 0.0659942626953125, 0.0031890869140625, -0.9148206114768982, -0.21095910668373108, -0.2069137692451477
133185.88183816668, -0.99688720703125, 0.067474365234375, -0.05035400390625, -0.7163253426551819, 0.06411853432655334, -0.16486351191997528
133185.89190116667, -0.9864349365234375, 0.0762176513671875, -0.1560516357421875, -0.5239487290382385, 0.31557872891426086, -0.14465172588825226
133185.90196516667, -0.98504638671875, 0.086517333984375, -0.090911865234375, -0.4583103060722351, 0.4224737584590912, -0.132137268781662
133185.91202816667, -0.9954681396484375, 0.076904296875, -0.0327606201171875, -0.5070410966873169, 0.37437334656715393, -0.12958861887454987
133185.92209216667, -1.0258331298828125, 0.08392333984375, 0.010101318359375, -0.5870427489280701, 0.20962806046009064, -0.1601228266954422
133185.93215516667, -1.031402587890625, 0.07830810546875, 0.0117950439453125, -0.6057820320129395, 0.06512174755334854, -0.21794217824935913
133185.94221916667, -1.0109405517578125, 0.08221435546875, -0.0189056396484375, -0.5684794187545776, 0.041316282004117966, -0.24953366816043854
133185.95228216666, -1.00054931640625, 0.087066650390625, -0.047760009765625, -0.5090384483337402, 0.07622233033180237, -0.27315616607666016
133185.96234616666, -1.013671875, 0.0829315185546875, -0.0328826904296875, -0.48322606086730957, 0.07540660351514816, -0.29463404417037964
133185.9724091667, -1.0294647216796875, 0.0858917236328125, -0.00445556640625, -0.5090424418449402, 0.01306147314608097, -0.305329829454422
133185.9824731667, -1.048248291015625, 0.0919647216796875, 0.0052642822265625, -0.5651315450668335, -0.10490217804908752, -0.3155888617038727
133185.99253616668, -1.0637054443359375, 0.0965728759765625, -0.0015716552734375, -0.6172304749488831, -0.21954727172851562, -0.3305600881576538
133186.00260016668, -1.0642852783203125, 0.1056671142578125, -0.02191162109375, -0.6653566956520081, -0.33236196637153625, -0.3637574315071106
133186.01266316668, -1.0462646484375, 0.1082611083984375, -0.035125732421875, -0.7091968655586243, -0.372578889131546, -0.379859983921051
133186.02272716668, -1.03118896484375, 0.104400634765625, -0.052093505859375, -0.7574501633644104, -0.3579203188419342, -0.38771629333496094
133186.03279016668, -1.0171356201171875, 0.0908355712890625, -0.0602264404296875, -0.7871931195259094, -0.2879926264286041, -0.3786969780921936
133186.04285316667, -1.0026702880859375, 0.0860748291015625, -0.0752105712890625, -0.7931644916534424, -0.16444699466228485, -0.3588183522224426
133186.05291716667, -1.003204345703125, 0.0747833251953125, -0.0881805419921875, -0.7796915173530579, -0.06073765084147453, -0.33305785059928894
133186.06298016667, -1.005340576171875, 0.0631561279296875, -0.08306884765625, -0.7889899611473083, -0.015588547103106976, -0.2908038794994354
133186.07304416667, -1.0048828125, 0.0519561767578125, -0.0657196044921875, -0.8248318433761597, 0.0076211681589484215, -0.24800421297550201
133186.08310716666, -1.006256103515625, 0.03582763671875, -0.0622406005859375, -0.8734486699104309, 0.06397392600774765, -0.22928005456924438
133186.09317116666, -1.010009765625, 0.0228729248046875, -0.0745086669921875, -0.8987846374511719, 0.11422271281480789, -0.22014808654785156
133186.1032341667, -1.0088348388671875, 0.0133209228515625, -0.074066162109375, -0.9167194366455078, 0.12431236356496811, -0.20971648395061493
133186.1132981667, -1.010650634765625, 0.00238037109375, -0.0603790283203125, -0.9391344785690308, 0.09454301744699478, -0.2136225402355194
133186.12336116668, -1.0212249755859375, -0.01300048828125, -0.0489501953125, -0.9544500112533569, 0.02955256588757038, -0.22519929707050323
133186.13342516668, -1.0298919677734375, -0.0188751220703125, -0.041656494140625, -0.9731323719024658, -0.052157212048769, -0.2331903725862503
133186.14348816668, -1.0289306640625, -0.0231170654296875, -0.0405731201171875, -0.9969397187232971, -0.112066350877285, -0.23412542045116425
133186.15355216668, -1.022003173828125, -0.0248870849609375, -0.0558013916015625, -1.0142848491668701, -0.12585566937923431, -0.22625097632408142
133186.16361516668, -1.015838623046875, -0.0289154052734375, -0.07647705078125, -1.0185760259628296, -0.1180850937962532, -0.20557765662670135
133186.17367916668, -1.0146331787109375, -0.02703857421875, -0.090789794921875, -1.0126382112503052, -0.11027643829584122, -0.17932581901550293
133186.18374216667, -1.0166473388671875, -0.02734375, -0.1054534912109375, -0.992029070854187, -0.11029241979122162, -0.15495309233665466
133186.19380616667, -1.01312255859375, -0.030609130859375, -0.127288818359375, -0.9646299481391907, -0.13017211854457855, -0.12592677772045135
133186.20386916667, -1.0029296875, -0.0290374755859375, -0.13824462890625, -0.9472948908805847, -0.17137840390205383, -0.10693630576133728
133186.21393316667, -0.99969482421875, -0.0387115478515625, -0.14398193359375, -0.9300064444541931, -0.20214910805225372, -0.08560491353273392
133186.22399616666, -0.993865966796875, -0.0444488525390625, -0.1483917236328125, -0.9139795899391174, -0.23664316534996033, -0.06320559978485107
133186.23406016667, -0.992401123046875, -0.052490234375, -0.137054443359375, -0.8995417952537537, -0.2795381546020508, -0.05379984900355339
133186.2441231667, -0.990936279296875, -0.0607147216796875, -0.119873046875, -0.8973851203918457, -0.2936862111091614, -0.031297467648983
133186.25418716666, -0.9778289794921875, -0.0540924072265625, -0.11297607421875, -0.90347820520401, -0.2701214849948883, -0.0035052525345236063
133186.26425016669, -0.98260498046875, -0.0563812255859375, -0.1062164306640625, -0.9078319072723389, -0.26372963190078735, 0.0032738239970058203
133186.2743141667, -1.0063323974609375, -0.0588836669921875, -0.09039306640625, -0.9249368906021118, -0.2927913963794708, 0.0029196233954280615
133186.28437716668, -1.0133056640625, -0.0569000244140625, -0.06793212890625, -0.9530582427978516, -0.3338450789451599, 0.011707255616784096
133186.29444116668, -1.0051116943359375, -0.0607757568359375, -0.065032958984375, -0.9626248478889465, -0.35386034846305847, 0.016586966812610626
133186.30450416668, -1.0099334716796875, -0.059906005859375, -0.0844879150390625, -0.9361996650695801, -0.32649317383766174, 0.014931545592844486
133186.31456816668, -1.0012054443359375, -0.050750732421875, -0.0964508056640625, -0.8967337608337402, -0.29735657572746277, 0.027826039120554924
133186.32463116667, -0.995849609375, -0.0527496337890625, -0.08056640625, -0.8683004975318909, -0.2797752022743225, 0.04051786661148071
133186.33469516668, -1.0033721923828125, -0.056793212890625, -0.0579071044921875, -0.855442225933075, -0.27304643392562866, 0.05108395591378212
133186.34475816667, -0.99560546875, -0.05767822265625, -0.0518341064453125, -0.8420894145965576, -0.2569209933280945, 0.07212026417255402
133186.35482216667, -0.981842041015625, -0.060821533203125, -0.0665130615234375, -0.8124572038650513, -0.224994495511055, 0.08406347781419754
133186.36488516667, -0.990020751953125, -0.0738067626953125, -0.078582763671875, -0.7725098133087158, -0.19891123473644257, 0.07242120057344437
133186.37494916667, -0.9865875244140625, -0.0786895751953125, -0.087158203125, -0.7110450863838196, -0.18101026117801666, 0.07041877508163452
133186.38501216666, -0.9722442626953125, -0.0814971923828125, -0.091552734375, -0.645473837852478, -0.1684153825044632, 0.07751449942588806
133186.39507616666, -0.971893310546875, -0.0826416015625, -0.0963897705078125, -0.5923147201538086, -0.1434655487537384, 0.08562915027141571
133186.4051391667, -0.9710845947265625, -0.0750579833984375, -0.0926666259765625, -0.5587993860244751, -0.1420849710702896, 0.09366843849420547
133186.4152031667, -0.9639129638671875, -0.0732574462890625, -0.07220458984375, -0.5509414672851562, -0.16234789788722992, 0.08415908366441727
133186.42526616668, -0.9596710205078125, -0.0740509033203125, -0.0648345947265625, -0.55672687292099, -0.1954808235168457, 0.07218178361654282
133186.43533016669, -0.952301025390625, -0.0685577392578125, -0.061370849609375, -0.564115583896637, -0.23742453753948212, 0.06369269639253616
133186.44539316668, -0.95367431640625, -0.065673828125, -0.0597381591796875, -0.5670168399810791, -0.26524817943573, 0.051355332136154175
133186.45545716668, -0.957366943359375, -0.068115234375, -0.056976318359375, -0.5741860270500183, -0.26364681124687195, 0.05570667237043381
133186.46552016668, -0.9561920166015625, -0.06280517578125, -0.0477142333984375, -0.592503547668457, -0.24435675144195557, 0.08175931125879288
133186.47558416668, -0.955078125, -0.063568115234375, -0.0508880615234375, -0.6088132858276367, -0.18601220846176147, 0.12237784266471863
133186.48564716667, -0.954498291015625, -0.0650177001953125, -0.0748138427734375, -0.6033250093460083, -0.10347073525190353, 0.17735321819782257
133186.49571116667, -0.9568939208984375, -0.06866455078125, -0.0973052978515625, -0.5787387490272522, 0.002426672261208296, 0.2570935785770416
133186.50577416667, -0.9728851318359375, -0.065093994140625, -0.126068115234375, -0.531541645526886, 0.1802464723587036, 0.36242640018463135
133186.51583816667, -0.9957427978515625, -0.069915771484375, -0.16473388671875, -0.4296216666698456, 0.45648738741874695, 0.4920315146446228
133186.52590116666, -1.0087432861328125, -0.059539794921875, -0.2041778564453125, -0.29683512449264526, 0.7764092087745667, 0.6375876665115356
133186.53596516667, -1.00634765625, -0.034820556640625, -0.2258148193359375, -0.16188636422157288, 1.109702467918396, 0.7616385221481323
133186.5460281667, -1.00067138671875, -0.0244140625, -0.2312774658203125, -0.04518505558371544, 1.369188904762268, 0.8043172359466553
133186.55609216666, -0.9893035888671875, -0.020843505859375, -0.2068023681640625, 0.013455620966851711, 1.454964280128479, 0.7286230325698853
133186.56615516669, -0.9741973876953125, -0.022613525390625, -0.1351470947265625, -0.060023121535778046, 1.2760655879974365, 0.5195704698562622
133186.5762191667, -0.9584503173828125, -0.033935546875, -0.046905517578125, -0.25493136048316956, 0.8731713891029358, 0.23035810887813568
133186.58628216668, -0.9319915771484375, -0.040435791015625, -0.0024566650390625, -0.5118531584739685, 0.43552085757255554, -0.016875918954610825
133186.59634616668, -0.9175872802734375, -0.023162841796875, -0.015228271484375, -0.7526463270187378, 0.09177812188863754, -0.15264387428760529
133186.60640916668, -0.929046630859375, 0.0062408447265625, -0.04498291015625, -0.936872124671936, -0.10139266401529312, -0.1907648891210556
133186.61647316668, -0.9575042724609375, 0.00592041015625, -0.100494384765625, -1.0253223180770874, -0.1533711850643158, -0.2066943198442459
133186.62653616667, -0.9842376708984375, 0.0015869140625, -0.1368865966796875, -1.0433069467544556, -0.1479407250881195, -0.22308874130249023
133186.63660016668, -0.993499755859375, -0.0010223388671875, -0.1509552001953125, -1.013626217842102, -0.13091567158699036, -0.24130955338478088
133186.64666316667, -0.993865966796875, -0.0115966796875, -0.1390838623046875, -0.9698212742805481, -0.13773202896118164, -0.263383686542511
133186.65672716667, -0.9885101318359375, -0.020355224609375, -0.1186370849609375, -0.9228470921516418, -0.11866086721420288, -0.2701859474182129
133186.66679016667, -0.973236083984375, -0.0204010009765625, -0.1253662109375, -0.8536310195922852, -0.060318201780319214, -0.2629503905773163
133186.67685416667, -0.9651947021484375, -0.019683837890625, -0.142486572265625, -0.7823888063430786, -0.00413509039208293, -0.24698609113693237
133186.68691816667, -0.9571380615234375, -0.0193023681640625, -0.16009521484375, -0.7092376351356506, 0.0688437819480896, -0.2344210296869278
133186.69698116666, -0.9553680419921875, -0.0145263671875, -0.180450439453125, -0.658866822719574, 0.11442217975854874, -0.22690318524837494
133186.70704516667, -0.9468231201171875, -0.0119476318359375, -0.1893463134765625, -0.650181770324707, 0.09729832410812378, -0.23424819111824036
133186.7171081667, -0.946929931640625, -0.0044097900390625, -0.189666748046875, -0.6888580322265625, 0.022046979516744614, -0.2679976224899292
133186.72717216666, -0.95611572265625, -0.00311279296875, -0.1866302490234375, -0.7583175301551819, -0.08057926595211029, -0.30434125661849976
133186.73723516669, -0.95806884765625, 0.00213623046875, -0.182220458984375, -0.8326186537742615, -0.19451728463172913, -0.32071489095687866
133186.7472991667, -0.9563446044921875, 0.0052947998046875, -0.1797637939453125, -0.8854621648788452, -0.30084824562072754, -0.3427565395832062
133186.75736216668, -0.9686279296875, -0.0035247802734375, -0.174835205078125, -0.9252071976661682, -0.37127768993377686, -0.3642447888851166
133186.76742616668, -0.971038818359375, -0.0051116943359375, -0.1689300537109375, -0.9595528841018677, -0.41560760140419006, -0.382107675075531
133186.77748916668, -0.9723052978515625, -0.01025390625, -0.16156005859375, -0.9823719263076782, -0.4349226951599121, -0.39453187584877014
133186.787552625, -0.98785400390625, -0.0205841064453125, -0.165924072265625, -0.9789609909057617, -0.42297816276550293, -0.39594173431396484
133186.79761562502, -0.9876861572265625, -0.0312957763671875, -0.1752777099609375, -0.9723416566848755, -0.3988618850708008, -0.3642493188381195
133186.807679625, -0.9884185791015625, -0.0364532470703125, -0.172271728515625, -0.9801668524742126, -0.3584979772567749, -0.3342192471027374
133186.817743625, -0.9870452880859375, -0.04693603515625, -0.1581878662109375, -1.0164021253585815, -0.28494998812675476, -0.3129616379737854
133186.82780662502, -0.9787139892578125, -0.0437164306640625, -0.1402587890625, -1.0636460781097412, -0.16243258118629456, -0.28047534823417664
133186.83787062502, -0.961669921875, -0.0366973876953125, -0.1387481689453125, -1.1147958040237427, -0.0117352195084095, -0.24806439876556396
133186.84793362502, -0.9450225830078125, -0.0257110595703125, -0.16015625, -1.149214506149292, 0.10544786602258682, -0.22105196118354797
133186.85799762502, -0.9521636962890625, -0.004364013671875, -0.1814422607421875, -1.161773443222046, 0.15355999767780304, -0.2031049132347107
133186.868060625, -0.9837188720703125, 0.0055389404296875, -0.191925048828125, -1.1644924879074097, 0.11616495251655579, -0.2056567519903183
133186.87812462501, -1.009063720703125, -0.0059051513671875, -0.1767578125, -1.1688939332962036, 0.06616170704364777, -0.23692838847637177
133186.888187625, -1.014190673828125, -0.0184478759765625, -0.1635589599609375, -1.1886327266693115, 0.04656723514199257, -0.272416353225708
133186.898251625, -1.0060882568359375, -0.0252685546875, -0.1398162841796875, -1.2168986797332764, 0.04676830396056175, -0.31779953837394714
133186.908314625, -1.019287109375, -0.039520263671875, -0.109954833984375, -1.2548596858978271, 0.017488978803157806, -0.35992541909217834
133186.918378625, -1.0399627685546875, -0.0384063720703125, -0.0699615478515625, -1.3064509630203247, -0.06162048876285553, -0.3777744472026825
133186.928442625, -1.067169189453125, -0.0326385498046875, -0.062713623046875, -1.3622339963912964, -0.1470016986131668, -0.37491315603256226
133186.938505625, -1.0931854248046875, -0.0205230712890625, -0.089935302734375, -1.3872909545898438, -0.20577792823314667, -0.35127681493759155
133186.948569625, -1.1034698486328125, -0.0038299560546875, -0.1341094970703125, -1.376523733139038, -0.22935116291046143, -0.322553813457489
133186.958632625, -1.09771728515625, 0.009613037109375, -0.1635589599609375, -1.328316330909729, -0.20903471112251282, -0.28832101821899414
133186.968696625, -1.0768890380859375, 0.017303466796875, -0.1813812255859375, -1.2849581241607666, -0.1829887330532074, -0.24841620028018951
133186.978759625, -1.0445556640625, 0.019805908203125, -0.1735687255859375, -1.2626779079437256, -0.1480613648891449, -0.20514516532421112
133186.988823625, -1.020782470703125, 0.027099609375, -0.164215087890625, -1.2524633407592773, -0.08972162753343582, -0.16945374011993408
133186.99888662502, -1.01031494140625, 0.025726318359375, -0.143157958984375, -1.2563451528549194, -0.06638780981302261, -0.13232235610485077
133187.00895062502, -0.9884796142578125, 0.021484375, -0.11053466796875, -1.2676551342010498, -0.034394990652799606, -0.10583002865314484
133187.019014625, -0.96807861328125, 0.02069091796875, -0.1142425537109375, -1.2574578523635864, 0.009384180419147015, -0.08427946269512177
133187.02907762502, -0.95867919921875, 0.0254669189453125, -0.1322479248046875, -1.2335925102233887, 0.034991007298231125, -0.06137014925479889
133187.03914162502, -0.963287353515625, 0.0221405029296875, -0.1302947998046875, -1.1904425621032715, 0.0748974084854126, -0.049072470515966415
133187.04920462501, -0.97076416015625, 0.001617431640625, -0.144012451171875, -1.1226781606674194, 0.09439254552125931, -0.04298075661063194
133187.05926862502, -0.9786529541015625, -0.00262451171875, -0.10858154296875, -1.063978910446167, 0.0585290901362896, -0.04205663874745369
133187.069331625, -0.9853057861328125, -0.02056884765625, -0.087860107421875, -1.0018993616104126, 0.0637747198343277, -0.058392737060785294
133187.079395625, -0.986572265625, -0.036346435546875, -0.0901336669921875, -0.9145486950874329, 0.08342485129833221, -0.06617768853902817
133187.089458625, -0.964508056640625, -0.03741455078125, -0.08941650390625, -0.8152759075164795, 0.1468520313501358, -0.051587559282779694
133187.099522625, -0.9547882080078125, -0.0457611083984375, -0.1038970947265625, -0.7099156379699707, 0.20271849632263184, -0.042875293642282486
133187.109586625, -0.9538421630859375, -0.053436279296875, -0.0821685791015625, -0.6087464094161987, 0.18806231021881104, -0.04020307958126068
133187.119649625, -0.96429443359375, -0.05908203125, -0.059722900390625, -0.5151094198226929, 0.12122895568609238, -0.04773423448204994
133187.129713625, -0.96490478515625, -0.0604248046875, -0.04290771484375, -0.4336278736591339, 0.03199122101068497, -0.05365443974733353
133187.139776625, -0.9716033935546875, -0.056915283203125, -0.03582763671875, -0.3539000153541565, -0.05029459670186043, -0.05952857434749603
133187.149840625, -0.9736175537109375, -0.048126220703125, -0.0442657470703125, -0.27591440081596375, -0.10068879276514053, -0.05101791024208069
133187.159903625, -0.970611572265625, -0.023895263671875, -0.0606231689453125, -0.23582930862903595, -0.1177615225315094, -0.03110039420425892
133187.169967625, -0.9754791259765625, -0.0068359375, -0.0659332275390625, -0.235060453414917, -0.09852337837219238, -0.0237633865326643
133187.180031625, -0.9803466796875, 0.0047149658203125, -0.0656890869140625, -0.26121217012405396, -0.037097834050655365, -0.022184930741786957
133187.190094625, -0.98760986328125, 0.01153564453125, -0.0627288818359375, -0.3058837652206421, 0.023325029760599136, -0.017108945176005363
133187.200158625, -0.9879608154296875, 0.012664794921875, -0.0445556640625, -0.361520379781723, 0.05140486732125282, -0.015517174266278744
133187.21022162502, -0.9856109619140625, 0.0119476318359375, -0.0386962890625, -0.4119606614112854, 0.0760609433054924, -0.019716713577508926
133187.22028562502, -0.9822845458984375, 0.0061492919921875, -0.05548095703125, -0.43336448073387146, 0.08251698315143585, -0.014192251488566399
133187.230349625, -0.9657135009765625, 0.0023956298828125, -0.068756103515625, -0.4309963881969452, 0.08236651122570038, -0.008729576133191586
133187.24041262502, -0.9676361083984375, -0.003814697265625, -0.069671630859375, -0.37681013345718384, 0.06063724681735039, -0.006883206311613321
133187.25047662502, -0.975982666015625, -0.0130157470703125, -0.0666351318359375, -0.2859944701194763, 0.04748788848519325, -0.007646468002349138
133187.26053962501, -0.9709930419921875, -0.0233917236328125, -0.058746337890625, -0.19170312583446503, 0.00857404712587595, -0.007276022341102362
133187.27060362502, -0.9811859130859375, -0.039886474609375, -0.0218963623046875, -0.11837324500083923, -0.05241367220878601, -0.005658684764057398
133187.280666625, -0.989227294921875, -0.0459442138671875, -0.00213623046875, -0.059417519718408585, -0.0826333612203598, -0.0032647692132741213
133187.290730625, -0.983551025390625, -0.0410919189453125, -0.004730224609375, -0.011545335873961449, -0.06986403465270996, 0.009593505412340164
133187.300794625, -0.98858642578125, -0.0424346923828125, -0.008514404296875, 0.02358628623187542, -0.01690468192100525, 0.02353089302778244
133187.310857625, -0.99896240234375, -0.043426513671875, -0.0135345458984375, 0.09030672907829285, 0.009824667125940323, 0.040045686066150665
133187.320921625, -1.0079803466796875, -0.042999267578125, 0.0077667236328125, 0.13305045664310455, 0.006727677304297686, 0.06538087129592896
133187.330984625, -1.0294647216796875, -0.0390777587890625, 0.01373291015625, 0.17353211343288422, 0.049428801983594894, 0.0829143226146698
133187.341048625, -1.028472900390625, -0.0248565673828125, 0.0167999267578125, 0.1398628205060959, 0.05579935014247894, 0.07765617966651917
133187.351112625, -1.0251922607421875, -0.0263519287109375, 0.04486083984375, 0.04998433589935303, 0.05024932324886322, 0.06360773742198944
133187.361175625, -1.031219482421875, 7.62939453125e-05, 0.0399017333984375, -0.08869338035583496, 0.025855565443634987, 0.04608733206987381
133187.371239625, -1.02166748046875, 0.019012451171875, 0.0442657470703125, -0.24594292044639587, -0.03539207950234413, 0.011979963630437851
133187.381302625, -1.042510986328125, 0.0150299072265625, 0.029144287109375, -0.3591640293598175, -0.02034948021173477, -0.011320032179355621
133187.391366625, -1.055999755859375, 0.030120849609375, -0.004730224609375, -0.4541991949081421, -0.025844380259513855, -0.051659200340509415
133187.401430625, -1.0449676513671875, 0.0133514404296875, 0.008453369140625, -0.5258840322494507, -0.037579067051410675, -0.07045206427574158
133187.411493625, -1.0371551513671875, 0.02703857421875, -0.01153564453125, -0.5591914057731628, -0.003487143199890852, -0.06764429062604904
133187.421557625, -1.0185089111328125, 0.0394439697265625, -0.0286712646484375, -0.5807310342788696, 0.023492010310292244, -0.07664497941732407
